measurement_unit_id,country_code,domain_code,concept_id,entity_id,final_unit_type,final_query,topic_mid,query_language,selection_basis,selection_status,validation_status,signal_status,confidence_level,empirical_validation_status,technical_status,technical_attempt_count,extraction_method,model_consensus,model_confidence,score_margin,exact_validated_other_countries,official_name_check,topic_mid_format_check,ambiguity_flag,selection_rule,second_pass_decision,second_pass_confidence,final_review_status,concept_valid_keyword_count,concept_low_keyword_count,concept_valid_keyword_countries,concept_low_keyword_countries,fallback_query,source_url,inclusion_reason,review_reason,remaining_risk,notes,source_record_set
US|KTOURISM|KTOURISM_C02,US,KTOURISM,KTOURISM_C02,,topic,/g/11h_5y_9w7,/g/11h_5y_9w7,und,RULE_GRAMMAR,RULE_SELECTED,INHERITED_VALIDATED_MID,UNKNOWN,INHERITED,NOT_YET_TESTED,NOT_TECHNICAL,,MID_PROPAGATED,,,,"IN,SA",,PASS,,GRAMMAR-LOCALIZED-1.0,NOT_REQUIRED,,PENDING_EMPIRICAL_VALIDATION,,,,,South Korea tourism,https://trends.google.com/trends/explore?date=2018-01-01%202026-08-09&geo=US&q=%2Fg%2F11h_5y_9w7&hl=en,의도어 문법 KTOURISM_C02(한국 관광 일반) x 미국 현지어(en),기존 사전에 같은 concept_id 가 영어 질의로 존재 — 병합 시 택일 필요,,한국 관광 일반,KTOURISM_GRAMMAR_V1
US|KTOURISM|KTOURISM_S01,US,KTOURISM,KTOURISM_S01,,keyword,flights to Korea,,en,RULE_GRAMMAR,RULE_SELECTED,PENDING_EMPIRICAL,UNKNOWN,PENDING,NOT_YET_TESTED,PENDING_DOM_EXTRACTION,,RULE_GENERATED,,,,,,N/A,,GRAMMAR-LOCALIZED-1.0,NOT_REQUIRED,,PENDING_EMPIRICAL_VALIDATION,,,,,,https://trends.google.com/trends/explore?date=2018-01-01%202026-08-09&geo=US&q=flights%20to%20Korea&hl=en,의도어 문법 KTOURISM_S01(항공권 (이동)) x 미국 현지어(en),,,항공권 (이동),KTOURISM_GRAMMAR_V1
US|KTOURISM|KTOURISM_S02,US,KTOURISM,KTOURISM_S02,,keyword,Seoul hotels,,en,RULE_GRAMMAR,RULE_SELECTED,PENDING_EMPIRICAL,UNKNOWN,PENDING,NOT_YET_TESTED,PENDING_DOM_EXTRACTION,,RULE_GENERATED,,,,,,N/A,,GRAMMAR-LOCALIZED-1.0,NOT_REQUIRED,,PENDING_EMPIRICAL_VALIDATION,,,,,,https://trends.google.com/trends/explore?date=2018-01-01%202026-08-09&geo=US&q=Seoul%20hotels&hl=en,의도어 문법 KTOURISM_S02(숙박) x 미국 현지어(en),,숙박은 서울로 고정 — 지방 체류 의도를 놓친다,숙박,KTOURISM_GRAMMAR_V1
US|KTOURISM|KTOURISM_S03,US,KTOURISM,KTOURISM_S03,,topic,/g/11t7fqrvlx,/g/11t7fqrvlx,und,RULE_GRAMMAR,RULE_SELECTED,INHERITED_VALIDATED_MID,UNKNOWN,INHERITED,NOT_YET_TESTED,NOT_TECHNICAL,,MID_PROPAGATED,,,,AR,,PASS,,GRAMMAR-LOCALIZED-1.0,NOT_REQUIRED,,PENDING_EMPIRICAL_VALIDATION,,,,,Korea tour packages,https://trends.google.com/trends/explore?date=2018-01-01%202026-08-09&geo=US&q=%2Fg%2F11t7fqrvlx&hl=en,의도어 문법 KTOURISM_S03(투어 패키지) x 미국 현지어(en),기존 사전에 같은 concept_id 가 영어 질의로 존재 — 병합 시 택일 필요,,투어 패키지,KTOURISM_GRAMMAR_V1
US|KTOURISM|KTOURISM_S04,US,KTOURISM,KTOURISM_S04,,keyword,Korea visa,,en,RULE_GRAMMAR,RULE_SELECTED,PENDING_EMPIRICAL,UNKNOWN,PENDING,NOT_YET_TESTED,PENDING_DOM_EXTRACTION,,RULE_GENERATED,,,,,,N/A,,GRAMMAR-LOCALIZED-1.0,NOT_REQUIRED,,PENDING_EMPIRICAL_VALIDATION,,,,,,https://trends.google.com/trends/explore?date=2018-01-01%202026-08-09&geo=US&q=Korea%20visa&hl=en,의도어 문법 KTOURISM_S04(비자·입국) x 미국 현지어(en),,무비자 국가(US·GB·FR·DE·JP·AU 등)에서는 K-ETA 검색이 대부분이라 입국 의도 강도가 국가별로 비대칭,비자·입국,KTOURISM_GRAMMAR_V1
US|KTOURISM|KTOURISM_D01,US,KTOURISM,KTOURISM_D01,,keyword,Seoul travel,,en,RULE_GRAMMAR,RULE_SELECTED,PENDING_EMPIRICAL,UNKNOWN,PENDING,NOT_YET_TESTED,PENDING_DOM_EXTRACTION,,RULE_GENERATED,,,,,,N/A,,GRAMMAR-LOCALIZED-1.0,NOT_REQUIRED,,PENDING_EMPIRICAL_VALIDATION,,,,,,https://trends.google.com/trends/explore?date=2018-01-01%202026-08-09&geo=US&q=Seoul%20travel&hl=en,의도어 문법 KTOURISM_D01(서울) x 미국 현지어(en),,,서울,KTOURISM_GRAMMAR_V1
US|KTOURISM|KTOURISM_D02,US,KTOURISM,KTOURISM_D02,,keyword,Busan travel,,en,RULE_GRAMMAR,RULE_SELECTED,PENDING_EMPIRICAL,UNKNOWN,PENDING,NOT_YET_TESTED,PENDING_DOM_EXTRACTION,,RULE_GENERATED,,,,,,N/A,,GRAMMAR-LOCALIZED-1.0,NOT_REQUIRED,,PENDING_EMPIRICAL_VALIDATION,,,,,,https://trends.google.com/trends/explore?date=2018-01-01%202026-08-09&geo=US&q=Busan%20travel&hl=en,의도어 문법 KTOURISM_D02(부산) x 미국 현지어(en),,Busan 은 영화제·엑스포 유치 뉴스로 여행 무관 급등 가능,부산,KTOURISM_GRAMMAR_V1
US|KTOURISM|KTOURISM_D03,US,KTOURISM,KTOURISM_D03,,keyword,Jeju Island travel,,en,RULE_GRAMMAR,RULE_SELECTED,PENDING_EMPIRICAL,UNKNOWN,PENDING,NOT_YET_TESTED,PENDING_DOM_EXTRACTION,,RULE_GENERATED,,,,,,N/A,,GRAMMAR-LOCALIZED-1.0,NOT_REQUIRED,,PENDING_EMPIRICAL_VALIDATION,,,,,,https://trends.google.com/trends/explore?date=2018-01-01%202026-08-09&geo=US&q=Jeju%20Island%20travel&hl=en,의도어 문법 KTOURISM_D03(제주) x 미국 현지어(en),,,제주,KTOURISM_GRAMMAR_V1
US|KTOURISM|KTOURISM_P01,US,KTOURISM,KTOURISM_P01,,keyword,Japan travel,,en,RULE_GRAMMAR,RULE_SELECTED,PENDING_EMPIRICAL,UNKNOWN,PENDING,NOT_YET_TESTED,PENDING_DOM_EXTRACTION,,RULE_GENERATED,,,,,,N/A,,GRAMMAR-LOCALIZED-1.0,NOT_REQUIRED,,PENDING_EMPIRICAL_VALIDATION,,,,,,https://trends.google.com/trends/explore?date=2018-01-01%202026-08-09&geo=US&q=Japan%20travel&hl=en,의도어 문법 KTOURISM_P01([위약] 일본 여행) x 미국 현지어(en),,위약이지만 한일 노선은 대체재 관계라 음(-)의 상관 가능 — 계수 부호까지 함께 볼 것,[위약] 일본 여행,KTOURISM_GRAMMAR_V1
US|KTOURISM|KTOURISM_P02,US,KTOURISM,KTOURISM_P02,,keyword,Thailand travel,,en,RULE_GRAMMAR,RULE_SELECTED,PENDING_EMPIRICAL,UNKNOWN,PENDING,NOT_YET_TESTED,PENDING_DOM_EXTRACTION,,RULE_GENERATED,,,,,,N/A,,GRAMMAR-LOCALIZED-1.0,NOT_REQUIRED,,PENDING_EMPIRICAL_VALIDATION,,,,,,https://trends.google.com/trends/explore?date=2018-01-01%202026-08-09&geo=US&q=Thailand%20travel&hl=en,의도어 문법 KTOURISM_P02([위약] 태국 여행) x 미국 현지어(en),,,[위약] 태국 여행,KTOURISM_GRAMMAR_V1
GB|KTOURISM|KTOURISM_C02,GB,KTOURISM,KTOURISM_C02,,topic,/g/11h_5y_9w7,/g/11h_5y_9w7,und,RULE_GRAMMAR,RULE_SELECTED,INHERITED_VALIDATED_MID,UNKNOWN,INHERITED,NOT_YET_TESTED,NOT_TECHNICAL,,MID_PROPAGATED,,,,"IN,SA",,PASS,,GRAMMAR-LOCALIZED-1.0,NOT_REQUIRED,,PENDING_EMPIRICAL_VALIDATION,,,,,South Korea tourism,https://trends.google.com/trends/explore?date=2018-01-01%202026-08-09&geo=GB&q=%2Fg%2F11h_5y_9w7&hl=en,의도어 문법 KTOURISM_C02(한국 관광 일반) x 영국 현지어(en),기존 사전에 같은 concept_id 가 영어 질의로 존재 — 병합 시 택일 필요,,한국 관광 일반,KTOURISM_GRAMMAR_V1
GB|KTOURISM|KTOURISM_S01,GB,KTOURISM,KTOURISM_S01,,keyword,flights to Korea,,en,RULE_GRAMMAR,RULE_SELECTED,PENDING_EMPIRICAL,UNKNOWN,PENDING,NOT_YET_TESTED,PENDING_DOM_EXTRACTION,,RULE_GENERATED,,,,,,N/A,,GRAMMAR-LOCALIZED-1.0,NOT_REQUIRED,,PENDING_EMPIRICAL_VALIDATION,,,,,,https://trends.google.com/trends/explore?date=2018-01-01%202026-08-09&geo=GB&q=flights%20to%20Korea&hl=en,의도어 문법 KTOURISM_S01(항공권 (이동)) x 영국 현지어(en),,,항공권 (이동),KTOURISM_GRAMMAR_V1
GB|KTOURISM|KTOURISM_S02,GB,KTOURISM,KTOURISM_S02,,keyword,Seoul hotels,,en,RULE_GRAMMAR,RULE_SELECTED,PENDING_EMPIRICAL,UNKNOWN,PENDING,NOT_YET_TESTED,PENDING_DOM_EXTRACTION,,RULE_GENERATED,,,,,,N/A,,GRAMMAR-LOCALIZED-1.0,NOT_REQUIRED,,PENDING_EMPIRICAL_VALIDATION,,,,,,https://trends.google.com/trends/explore?date=2018-01-01%202026-08-09&geo=GB&q=Seoul%20hotels&hl=en,의도어 문법 KTOURISM_S02(숙박) x 영국 현지어(en),,숙박은 서울로 고정 — 지방 체류 의도를 놓친다,숙박,KTOURISM_GRAMMAR_V1
GB|KTOURISM|KTOURISM_S03,GB,KTOURISM,KTOURISM_S03,,topic,/g/11t7fqrvlx,/g/11t7fqrvlx,und,RULE_GRAMMAR,RULE_SELECTED,INHERITED_VALIDATED_MID,UNKNOWN,INHERITED,NOT_YET_TESTED,NOT_TECHNICAL,,MID_PROPAGATED,,,,AR,,PASS,,GRAMMAR-LOCALIZED-1.0,NOT_REQUIRED,,PENDING_EMPIRICAL_VALIDATION,,,,,Korea tour packages,https://trends.google.com/trends/explore?date=2018-01-01%202026-08-09&geo=GB&q=%2Fg%2F11t7fqrvlx&hl=en,의도어 문법 KTOURISM_S03(투어 패키지) x 영국 현지어(en),기존 사전에 같은 concept_id 가 영어 질의로 존재 — 병합 시 택일 필요,,투어 패키지,KTOURISM_GRAMMAR_V1
GB|KTOURISM|KTOURISM_S04,GB,KTOURISM,KTOURISM_S04,,keyword,Korea visa,,en,RULE_GRAMMAR,RULE_SELECTED,PENDING_EMPIRICAL,UNKNOWN,PENDING,NOT_YET_TESTED,PENDING_DOM_EXTRACTION,,RULE_GENERATED,,,,,,N/A,,GRAMMAR-LOCALIZED-1.0,NOT_REQUIRED,,PENDING_EMPIRICAL_VALIDATION,,,,,,https://trends.google.com/trends/explore?date=2018-01-01%202026-08-09&geo=GB&q=Korea%20visa&hl=en,의도어 문법 KTOURISM_S04(비자·입국) x 영국 현지어(en),,무비자 국가(US·GB·FR·DE·JP·AU 등)에서는 K-ETA 검색이 대부분이라 입국 의도 강도가 국가별로 비대칭,비자·입국,KTOURISM_GRAMMAR_V1
GB|KTOURISM|KTOURISM_D01,GB,KTOURISM,KTOURISM_D01,,keyword,Seoul travel,,en,RULE_GRAMMAR,RULE_SELECTED,PENDING_EMPIRICAL,UNKNOWN,PENDING,NOT_YET_TESTED,PENDING_DOM_EXTRACTION,,RULE_GENERATED,,,,,,N/A,,GRAMMAR-LOCALIZED-1.0,NOT_REQUIRED,,PENDING_EMPIRICAL_VALIDATION,,,,,,https://trends.google.com/trends/explore?date=2018-01-01%202026-08-09&geo=GB&q=Seoul%20travel&hl=en,의도어 문법 KTOURISM_D01(서울) x 영국 현지어(en),,,서울,KTOURISM_GRAMMAR_V1
GB|KTOURISM|KTOURISM_D02,GB,KTOURISM,KTOURISM_D02,,keyword,Busan travel,,en,RULE_GRAMMAR,RULE_SELECTED,PENDING_EMPIRICAL,UNKNOWN,PENDING,NOT_YET_TESTED,PENDING_DOM_EXTRACTION,,RULE_GENERATED,,,,,,N/A,,GRAMMAR-LOCALIZED-1.0,NOT_REQUIRED,,PENDING_EMPIRICAL_VALIDATION,,,,,,https://trends.google.com/trends/explore?date=2018-01-01%202026-08-09&geo=GB&q=Busan%20travel&hl=en,의도어 문법 KTOURISM_D02(부산) x 영국 현지어(en),,Busan 은 영화제·엑스포 유치 뉴스로 여행 무관 급등 가능,부산,KTOURISM_GRAMMAR_V1
GB|KTOURISM|KTOURISM_D03,GB,KTOURISM,KTOURISM_D03,,keyword,Jeju Island travel,,en,RULE_GRAMMAR,RULE_SELECTED,PENDING_EMPIRICAL,UNKNOWN,PENDING,NOT_YET_TESTED,PENDING_DOM_EXTRACTION,,RULE_GENERATED,,,,,,N/A,,GRAMMAR-LOCALIZED-1.0,NOT_REQUIRED,,PENDING_EMPIRICAL_VALIDATION,,,,,,https://trends.google.com/trends/explore?date=2018-01-01%202026-08-09&geo=GB&q=Jeju%20Island%20travel&hl=en,의도어 문법 KTOURISM_D03(제주) x 영국 현지어(en),,,제주,KTOURISM_GRAMMAR_V1
GB|KTOURISM|KTOURISM_P01,GB,KTOURISM,KTOURISM_P01,,keyword,Japan travel,,en,RULE_GRAMMAR,RULE_SELECTED,PENDING_EMPIRICAL,UNKNOWN,PENDING,NOT_YET_TESTED,PENDING_DOM_EXTRACTION,,RULE_GENERATED,,,,,,N/A,,GRAMMAR-LOCALIZED-1.0,NOT_REQUIRED,,PENDING_EMPIRICAL_VALIDATION,,,,,,https://trends.google.com/trends/explore?date=2018-01-01%202026-08-09&geo=GB&q=Japan%20travel&hl=en,의도어 문법 KTOURISM_P01([위약] 일본 여행) x 영국 현지어(en),,위약이지만 한일 노선은 대체재 관계라 음(-)의 상관 가능 — 계수 부호까지 함께 볼 것,[위약] 일본 여행,KTOURISM_GRAMMAR_V1
GB|KTOURISM|KTOURISM_P02,GB,KTOURISM,KTOURISM_P02,,keyword,Thailand travel,,en,RULE_GRAMMAR,RULE_SELECTED,PENDING_EMPIRICAL,UNKNOWN,PENDING,NOT_YET_TESTED,PENDING_DOM_EXTRACTION,,RULE_GENERATED,,,,,,N/A,,GRAMMAR-LOCALIZED-1.0,NOT_REQUIRED,,PENDING_EMPIRICAL_VALIDATION,,,,,,https://trends.google.com/trends/explore?date=2018-01-01%202026-08-09&geo=GB&q=Thailand%20travel&hl=en,의도어 문법 KTOURISM_P02([위약] 태국 여행) x 영국 현지어(en),,,[위약] 태국 여행,KTOURISM_GRAMMAR_V1
AU|KTOURISM|KTOURISM_C02,AU,KTOURISM,KTOURISM_C02,,topic,/g/11h_5y_9w7,/g/11h_5y_9w7,und,RULE_GRAMMAR,RULE_SELECTED,INHERITED_VALIDATED_MID,UNKNOWN,INHERITED,NOT_YET_TESTED,NOT_TECHNICAL,,MID_PROPAGATED,,,,"IN,SA",,PASS,,GRAMMAR-LOCALIZED-1.0,NOT_REQUIRED,,PENDING_EMPIRICAL_VALIDATION,,,,,South Korea tourism,https://trends.google.com/trends/explore?date=2018-01-01%202026-08-09&geo=AU&q=%2Fg%2F11h_5y_9w7&hl=en,의도어 문법 KTOURISM_C02(한국 관광 일반) x 호주 현지어(en),기존 사전에 같은 concept_id 가 영어 질의로 존재 — 병합 시 택일 필요,,한국 관광 일반,KTOURISM_GRAMMAR_V1
AU|KTOURISM|KTOURISM_S01,AU,KTOURISM,KTOURISM_S01,,keyword,flights to Korea,,en,RULE_GRAMMAR,RULE_SELECTED,PENDING_EMPIRICAL,UNKNOWN,PENDING,NOT_YET_TESTED,PENDING_DOM_EXTRACTION,,RULE_GENERATED,,,,,,N/A,,GRAMMAR-LOCALIZED-1.0,NOT_REQUIRED,,PENDING_EMPIRICAL_VALIDATION,,,,,,https://trends.google.com/trends/explore?date=2018-01-01%202026-08-09&geo=AU&q=flights%20to%20Korea&hl=en,의도어 문법 KTOURISM_S01(항공권 (이동)) x 호주 현지어(en),,,항공권 (이동),KTOURISM_GRAMMAR_V1
AU|KTOURISM|KTOURISM_S02,AU,KTOURISM,KTOURISM_S02,,keyword,Seoul hotels,,en,RULE_GRAMMAR,RULE_SELECTED,PENDING_EMPIRICAL,UNKNOWN,PENDING,NOT_YET_TESTED,PENDING_DOM_EXTRACTION,,RULE_GENERATED,,,,,,N/A,,GRAMMAR-LOCALIZED-1.0,NOT_REQUIRED,,PENDING_EMPIRICAL_VALIDATION,,,,,,https://trends.google.com/trends/explore?date=2018-01-01%202026-08-09&geo=AU&q=Seoul%20hotels&hl=en,의도어 문법 KTOURISM_S02(숙박) x 호주 현지어(en),,숙박은 서울로 고정 — 지방 체류 의도를 놓친다,숙박,KTOURISM_GRAMMAR_V1
AU|KTOURISM|KTOURISM_S03,AU,KTOURISM,KTOURISM_S03,,topic,/g/11t7fqrvlx,/g/11t7fqrvlx,und,RULE_GRAMMAR,RULE_SELECTED,INHERITED_VALIDATED_MID,UNKNOWN,INHERITED,NOT_YET_TESTED,NOT_TECHNICAL,,MID_PROPAGATED,,,,AR,,PASS,,GRAMMAR-LOCALIZED-1.0,NOT_REQUIRED,,PENDING_EMPIRICAL_VALIDATION,,,,,Korea tour packages,https://trends.google.com/trends/explore?date=2018-01-01%202026-08-09&geo=AU&q=%2Fg%2F11t7fqrvlx&hl=en,의도어 문법 KTOURISM_S03(투어 패키지) x 호주 현지어(en),기존 사전에 같은 concept_id 가 영어 질의로 존재 — 병합 시 택일 필요,,투어 패키지,KTOURISM_GRAMMAR_V1
AU|KTOURISM|KTOURISM_S04,AU,KTOURISM,KTOURISM_S04,,keyword,Korea visa,,en,RULE_GRAMMAR,RULE_SELECTED,PENDING_EMPIRICAL,UNKNOWN,PENDING,NOT_YET_TESTED,PENDING_DOM_EXTRACTION,,RULE_GENERATED,,,,,,N/A,,GRAMMAR-LOCALIZED-1.0,NOT_REQUIRED,,PENDING_EMPIRICAL_VALIDATION,,,,,,https://trends.google.com/trends/explore?date=2018-01-01%202026-08-09&geo=AU&q=Korea%20visa&hl=en,의도어 문법 KTOURISM_S04(비자·입국) x 호주 현지어(en),,무비자 국가(US·GB·FR·DE·JP·AU 등)에서는 K-ETA 검색이 대부분이라 입국 의도 강도가 국가별로 비대칭,비자·입국,KTOURISM_GRAMMAR_V1
AU|KTOURISM|KTOURISM_D01,AU,KTOURISM,KTOURISM_D01,,keyword,Seoul travel,,en,RULE_GRAMMAR,RULE_SELECTED,PENDING_EMPIRICAL,UNKNOWN,PENDING,NOT_YET_TESTED,PENDING_DOM_EXTRACTION,,RULE_GENERATED,,,,,,N/A,,GRAMMAR-LOCALIZED-1.0,NOT_REQUIRED,,PENDING_EMPIRICAL_VALIDATION,,,,,,https://trends.google.com/trends/explore?date=2018-01-01%202026-08-09&geo=AU&q=Seoul%20travel&hl=en,의도어 문법 KTOURISM_D01(서울) x 호주 현지어(en),,,서울,KTOURISM_GRAMMAR_V1
AU|KTOURISM|KTOURISM_D02,AU,KTOURISM,KTOURISM_D02,,keyword,Busan travel,,en,RULE_GRAMMAR,RULE_SELECTED,PENDING_EMPIRICAL,UNKNOWN,PENDING,NOT_YET_TESTED,PENDING_DOM_EXTRACTION,,RULE_GENERATED,,,,,,N/A,,GRAMMAR-LOCALIZED-1.0,NOT_REQUIRED,,PENDING_EMPIRICAL_VALIDATION,,,,,,https://trends.google.com/trends/explore?date=2018-01-01%202026-08-09&geo=AU&q=Busan%20travel&hl=en,의도어 문법 KTOURISM_D02(부산) x 호주 현지어(en),,Busan 은 영화제·엑스포 유치 뉴스로 여행 무관 급등 가능,부산,KTOURISM_GRAMMAR_V1
AU|KTOURISM|KTOURISM_D03,AU,KTOURISM,KTOURISM_D03,,keyword,Jeju Island travel,,en,RULE_GRAMMAR,RULE_SELECTED,PENDING_EMPIRICAL,UNKNOWN,PENDING,NOT_YET_TESTED,PENDING_DOM_EXTRACTION,,RULE_GENERATED,,,,,,N/A,,GRAMMAR-LOCALIZED-1.0,NOT_REQUIRED,,PENDING_EMPIRICAL_VALIDATION,,,,,,https://trends.google.com/trends/explore?date=2018-01-01%202026-08-09&geo=AU&q=Jeju%20Island%20travel&hl=en,의도어 문법 KTOURISM_D03(제주) x 호주 현지어(en),,,제주,KTOURISM_GRAMMAR_V1
AU|KTOURISM|KTOURISM_P01,AU,KTOURISM,KTOURISM_P01,,keyword,Japan travel,,en,RULE_GRAMMAR,RULE_SELECTED,PENDING_EMPIRICAL,UNKNOWN,PENDING,NOT_YET_TESTED,PENDING_DOM_EXTRACTION,,RULE_GENERATED,,,,,,N/A,,GRAMMAR-LOCALIZED-1.0,NOT_REQUIRED,,PENDING_EMPIRICAL_VALIDATION,,,,,,https://trends.google.com/trends/explore?date=2018-01-01%202026-08-09&geo=AU&q=Japan%20travel&hl=en,의도어 문법 KTOURISM_P01([위약] 일본 여행) x 호주 현지어(en),,위약이지만 한일 노선은 대체재 관계라 음(-)의 상관 가능 — 계수 부호까지 함께 볼 것,[위약] 일본 여행,KTOURISM_GRAMMAR_V1
AU|KTOURISM|KTOURISM_P02,AU,KTOURISM,KTOURISM_P02,,keyword,Thailand travel,,en,RULE_GRAMMAR,RULE_SELECTED,PENDING_EMPIRICAL,UNKNOWN,PENDING,NOT_YET_TESTED,PENDING_DOM_EXTRACTION,,RULE_GENERATED,,,,,,N/A,,GRAMMAR-LOCALIZED-1.0,NOT_REQUIRED,,PENDING_EMPIRICAL_VALIDATION,,,,,,https://trends.google.com/trends/explore?date=2018-01-01%202026-08-09&geo=AU&q=Thailand%20travel&hl=en,의도어 문법 KTOURISM_P02([위약] 태국 여행) x 호주 현지어(en),,,[위약] 태국 여행,KTOURISM_GRAMMAR_V1
ZA|KTOURISM|KTOURISM_C02,ZA,KTOURISM,KTOURISM_C02,,topic,/g/11h_5y_9w7,/g/11h_5y_9w7,und,RULE_GRAMMAR,RULE_SELECTED,INHERITED_VALIDATED_MID,UNKNOWN,INHERITED,NOT_YET_TESTED,NOT_TECHNICAL,,MID_PROPAGATED,,,,"IN,SA",,PASS,,GRAMMAR-LOCALIZED-1.0,NOT_REQUIRED,,PENDING_EMPIRICAL_VALIDATION,,,,,South Korea tourism,https://trends.google.com/trends/explore?date=2018-01-01%202026-08-09&geo=ZA&q=%2Fg%2F11h_5y_9w7&hl=en,의도어 문법 KTOURISM_C02(한국 관광 일반) x 남아공 현지어(en),기존 사전에 같은 concept_id 가 영어 질의로 존재 — 병합 시 택일 필요,,한국 관광 일반,KTOURISM_GRAMMAR_V1
ZA|KTOURISM|KTOURISM_S01,ZA,KTOURISM,KTOURISM_S01,,keyword,flights to Korea,,en,RULE_GRAMMAR,RULE_SELECTED,PENDING_EMPIRICAL,UNKNOWN,PENDING,NOT_YET_TESTED,PENDING_DOM_EXTRACTION,,RULE_GENERATED,,,,,,N/A,,GRAMMAR-LOCALIZED-1.0,NOT_REQUIRED,,PENDING_EMPIRICAL_VALIDATION,,,,,,https://trends.google.com/trends/explore?date=2018-01-01%202026-08-09&geo=ZA&q=flights%20to%20Korea&hl=en,의도어 문법 KTOURISM_S01(항공권 (이동)) x 남아공 현지어(en),,,항공권 (이동),KTOURISM_GRAMMAR_V1
ZA|KTOURISM|KTOURISM_S02,ZA,KTOURISM,KTOURISM_S02,,keyword,Seoul hotels,,en,RULE_GRAMMAR,RULE_SELECTED,PENDING_EMPIRICAL,UNKNOWN,PENDING,NOT_YET_TESTED,PENDING_DOM_EXTRACTION,,RULE_GENERATED,,,,,,N/A,,GRAMMAR-LOCALIZED-1.0,NOT_REQUIRED,,PENDING_EMPIRICAL_VALIDATION,,,,,,https://trends.google.com/trends/explore?date=2018-01-01%202026-08-09&geo=ZA&q=Seoul%20hotels&hl=en,의도어 문법 KTOURISM_S02(숙박) x 남아공 현지어(en),,숙박은 서울로 고정 — 지방 체류 의도를 놓친다,숙박,KTOURISM_GRAMMAR_V1
ZA|KTOURISM|KTOURISM_S03,ZA,KTOURISM,KTOURISM_S03,,topic,/g/11t7fqrvlx,/g/11t7fqrvlx,und,RULE_GRAMMAR,RULE_SELECTED,INHERITED_VALIDATED_MID,UNKNOWN,INHERITED,NOT_YET_TESTED,NOT_TECHNICAL,,MID_PROPAGATED,,,,AR,,PASS,,GRAMMAR-LOCALIZED-1.0,NOT_REQUIRED,,PENDING_EMPIRICAL_VALIDATION,,,,,Korea tour packages,https://trends.google.com/trends/explore?date=2018-01-01%202026-08-09&geo=ZA&q=%2Fg%2F11t7fqrvlx&hl=en,의도어 문법 KTOURISM_S03(투어 패키지) x 남아공 현지어(en),기존 사전에 같은 concept_id 가 영어 질의로 존재 — 병합 시 택일 필요,,투어 패키지,KTOURISM_GRAMMAR_V1
ZA|KTOURISM|KTOURISM_S04,ZA,KTOURISM,KTOURISM_S04,,keyword,Korea visa,,en,RULE_GRAMMAR,RULE_SELECTED,PENDING_EMPIRICAL,UNKNOWN,PENDING,NOT_YET_TESTED,PENDING_DOM_EXTRACTION,,RULE_GENERATED,,,,,,N/A,,GRAMMAR-LOCALIZED-1.0,NOT_REQUIRED,,PENDING_EMPIRICAL_VALIDATION,,,,,,https://trends.google.com/trends/explore?date=2018-01-01%202026-08-09&geo=ZA&q=Korea%20visa&hl=en,의도어 문법 KTOURISM_S04(비자·입국) x 남아공 현지어(en),,무비자 국가(US·GB·FR·DE·JP·AU 등)에서는 K-ETA 검색이 대부분이라 입국 의도 강도가 국가별로 비대칭,비자·입국,KTOURISM_GRAMMAR_V1
ZA|KTOURISM|KTOURISM_D01,ZA,KTOURISM,KTOURISM_D01,,keyword,Seoul travel,,en,RULE_GRAMMAR,RULE_SELECTED,PENDING_EMPIRICAL,UNKNOWN,PENDING,NOT_YET_TESTED,PENDING_DOM_EXTRACTION,,RULE_GENERATED,,,,,,N/A,,GRAMMAR-LOCALIZED-1.0,NOT_REQUIRED,,PENDING_EMPIRICAL_VALIDATION,,,,,,https://trends.google.com/trends/explore?date=2018-01-01%202026-08-09&geo=ZA&q=Seoul%20travel&hl=en,의도어 문법 KTOURISM_D01(서울) x 남아공 현지어(en),,,서울,KTOURISM_GRAMMAR_V1
ZA|KTOURISM|KTOURISM_D02,ZA,KTOURISM,KTOURISM_D02,,keyword,Busan travel,,en,RULE_GRAMMAR,RULE_SELECTED,PENDING_EMPIRICAL,UNKNOWN,PENDING,NOT_YET_TESTED,PENDING_DOM_EXTRACTION,,RULE_GENERATED,,,,,,N/A,,GRAMMAR-LOCALIZED-1.0,NOT_REQUIRED,,PENDING_EMPIRICAL_VALIDATION,,,,,,https://trends.google.com/trends/explore?date=2018-01-01%202026-08-09&geo=ZA&q=Busan%20travel&hl=en,의도어 문법 KTOURISM_D02(부산) x 남아공 현지어(en),,Busan 은 영화제·엑스포 유치 뉴스로 여행 무관 급등 가능,부산,KTOURISM_GRAMMAR_V1
ZA|KTOURISM|KTOURISM_D03,ZA,KTOURISM,KTOURISM_D03,,keyword,Jeju Island travel,,en,RULE_GRAMMAR,RULE_SELECTED,PENDING_EMPIRICAL,UNKNOWN,PENDING,NOT_YET_TESTED,PENDING_DOM_EXTRACTION,,RULE_GENERATED,,,,,,N/A,,GRAMMAR-LOCALIZED-1.0,NOT_REQUIRED,,PENDING_EMPIRICAL_VALIDATION,,,,,,https://trends.google.com/trends/explore?date=2018-01-01%202026-08-09&geo=ZA&q=Jeju%20Island%20travel&hl=en,의도어 문법 KTOURISM_D03(제주) x 남아공 현지어(en),,,제주,KTOURISM_GRAMMAR_V1
ZA|KTOURISM|KTOURISM_P01,ZA,KTOURISM,KTOURISM_P01,,keyword,Japan travel,,en,RULE_GRAMMAR,RULE_SELECTED,PENDING_EMPIRICAL,UNKNOWN,PENDING,NOT_YET_TESTED,PENDING_DOM_EXTRACTION,,RULE_GENERATED,,,,,,N/A,,GRAMMAR-LOCALIZED-1.0,NOT_REQUIRED,,PENDING_EMPIRICAL_VALIDATION,,,,,,https://trends.google.com/trends/explore?date=2018-01-01%202026-08-09&geo=ZA&q=Japan%20travel&hl=en,의도어 문법 KTOURISM_P01([위약] 일본 여행) x 남아공 현지어(en),,위약이지만 한일 노선은 대체재 관계라 음(-)의 상관 가능 — 계수 부호까지 함께 볼 것,[위약] 일본 여행,KTOURISM_GRAMMAR_V1
ZA|KTOURISM|KTOURISM_P02,ZA,KTOURISM,KTOURISM_P02,,keyword,Thailand travel,,en,RULE_GRAMMAR,RULE_SELECTED,PENDING_EMPIRICAL,UNKNOWN,PENDING,NOT_YET_TESTED,PENDING_DOM_EXTRACTION,,RULE_GENERATED,,,,,,N/A,,GRAMMAR-LOCALIZED-1.0,NOT_REQUIRED,,PENDING_EMPIRICAL_VALIDATION,,,,,,https://trends.google.com/trends/explore?date=2018-01-01%202026-08-09&geo=ZA&q=Thailand%20travel&hl=en,의도어 문법 KTOURISM_P02([위약] 태국 여행) x 남아공 현지어(en),,,[위약] 태국 여행,KTOURISM_GRAMMAR_V1
IN|KTOURISM|KTOURISM_C02,IN,KTOURISM,KTOURISM_C02,,topic,/g/11h_5y_9w7,/g/11h_5y_9w7,und,RULE_GRAMMAR,RULE_SELECTED,INHERITED_VALIDATED_MID,UNKNOWN,INHERITED,NOT_YET_TESTED,NOT_TECHNICAL,,MID_PROPAGATED,,,,"IN,SA",,PASS,,GRAMMAR-LOCALIZED-1.0,NOT_REQUIRED,,PENDING_EMPIRICAL_VALIDATION,,,,,South Korea tourism,https://trends.google.com/trends/explore?date=2018-01-01%202026-08-09&geo=IN&q=%2Fg%2F11h_5y_9w7&hl=en,의도어 문법 KTOURISM_C02(한국 관광 일반) x 인도 현지어(en),기존 사전에 같은 concept_id 가 영어 질의로 존재 — 병합 시 택일 필요,,한국 관광 일반,KTOURISM_GRAMMAR_V1
IN|KTOURISM|KTOURISM_S01,IN,KTOURISM,KTOURISM_S01,,keyword,flights to Korea,,en,RULE_GRAMMAR,RULE_SELECTED,PENDING_EMPIRICAL,UNKNOWN,PENDING,NOT_YET_TESTED,PENDING_DOM_EXTRACTION,,RULE_GENERATED,,,,,,N/A,,GRAMMAR-LOCALIZED-1.0,NOT_REQUIRED,,PENDING_EMPIRICAL_VALIDATION,,,,,,https://trends.google.com/trends/explore?date=2018-01-01%202026-08-09&geo=IN&q=flights%20to%20Korea&hl=en,의도어 문법 KTOURISM_S01(항공권 (이동)) x 인도 현지어(en),,,항공권 (이동),KTOURISM_GRAMMAR_V1
IN|KTOURISM|KTOURISM_S02,IN,KTOURISM,KTOURISM_S02,,keyword,Seoul hotels,,en,RULE_GRAMMAR,RULE_SELECTED,PENDING_EMPIRICAL,UNKNOWN,PENDING,NOT_YET_TESTED,PENDING_DOM_EXTRACTION,,RULE_GENERATED,,,,,,N/A,,GRAMMAR-LOCALIZED-1.0,NOT_REQUIRED,,PENDING_EMPIRICAL_VALIDATION,,,,,,https://trends.google.com/trends/explore?date=2018-01-01%202026-08-09&geo=IN&q=Seoul%20hotels&hl=en,의도어 문법 KTOURISM_S02(숙박) x 인도 현지어(en),,숙박은 서울로 고정 — 지방 체류 의도를 놓친다,숙박,KTOURISM_GRAMMAR_V1
IN|KTOURISM|KTOURISM_S03,IN,KTOURISM,KTOURISM_S03,,topic,/g/11t7fqrvlx,/g/11t7fqrvlx,und,RULE_GRAMMAR,RULE_SELECTED,INHERITED_VALIDATED_MID,UNKNOWN,INHERITED,NOT_YET_TESTED,NOT_TECHNICAL,,MID_PROPAGATED,,,,AR,,PASS,,GRAMMAR-LOCALIZED-1.0,NOT_REQUIRED,,PENDING_EMPIRICAL_VALIDATION,,,,,Korea tour packages,https://trends.google.com/trends/explore?date=2018-01-01%202026-08-09&geo=IN&q=%2Fg%2F11t7fqrvlx&hl=en,의도어 문법 KTOURISM_S03(투어 패키지) x 인도 현지어(en),기존 사전에 같은 concept_id 가 영어 질의로 존재 — 병합 시 택일 필요,,투어 패키지,KTOURISM_GRAMMAR_V1
IN|KTOURISM|KTOURISM_S04,IN,KTOURISM,KTOURISM_S04,,keyword,Korea visa,,en,RULE_GRAMMAR,RULE_SELECTED,PENDING_EMPIRICAL,UNKNOWN,PENDING,NOT_YET_TESTED,PENDING_DOM_EXTRACTION,,RULE_GENERATED,,,,,,N/A,,GRAMMAR-LOCALIZED-1.0,NOT_REQUIRED,,PENDING_EMPIRICAL_VALIDATION,,,,,,https://trends.google.com/trends/explore?date=2018-01-01%202026-08-09&geo=IN&q=Korea%20visa&hl=en,의도어 문법 KTOURISM_S04(비자·입국) x 인도 현지어(en),,무비자 국가(US·GB·FR·DE·JP·AU 등)에서는 K-ETA 검색이 대부분이라 입국 의도 강도가 국가별로 비대칭,비자·입국,KTOURISM_GRAMMAR_V1
IN|KTOURISM|KTOURISM_D01,IN,KTOURISM,KTOURISM_D01,,keyword,Seoul travel,,en,RULE_GRAMMAR,RULE_SELECTED,PENDING_EMPIRICAL,UNKNOWN,PENDING,NOT_YET_TESTED,PENDING_DOM_EXTRACTION,,RULE_GENERATED,,,,,,N/A,,GRAMMAR-LOCALIZED-1.0,NOT_REQUIRED,,PENDING_EMPIRICAL_VALIDATION,,,,,,https://trends.google.com/trends/explore?date=2018-01-01%202026-08-09&geo=IN&q=Seoul%20travel&hl=en,의도어 문법 KTOURISM_D01(서울) x 인도 현지어(en),,,서울,KTOURISM_GRAMMAR_V1
IN|KTOURISM|KTOURISM_D02,IN,KTOURISM,KTOURISM_D02,,keyword,Busan travel,,en,RULE_GRAMMAR,RULE_SELECTED,PENDING_EMPIRICAL,UNKNOWN,PENDING,NOT_YET_TESTED,PENDING_DOM_EXTRACTION,,RULE_GENERATED,,,,,,N/A,,GRAMMAR-LOCALIZED-1.0,NOT_REQUIRED,,PENDING_EMPIRICAL_VALIDATION,,,,,,https://trends.google.com/trends/explore?date=2018-01-01%202026-08-09&geo=IN&q=Busan%20travel&hl=en,의도어 문법 KTOURISM_D02(부산) x 인도 현지어(en),,Busan 은 영화제·엑스포 유치 뉴스로 여행 무관 급등 가능,부산,KTOURISM_GRAMMAR_V1
IN|KTOURISM|KTOURISM_D03,IN,KTOURISM,KTOURISM_D03,,keyword,Jeju Island travel,,en,RULE_GRAMMAR,RULE_SELECTED,PENDING_EMPIRICAL,UNKNOWN,PENDING,NOT_YET_TESTED,PENDING_DOM_EXTRACTION,,RULE_GENERATED,,,,,,N/A,,GRAMMAR-LOCALIZED-1.0,NOT_REQUIRED,,PENDING_EMPIRICAL_VALIDATION,,,,,,https://trends.google.com/trends/explore?date=2018-01-01%202026-08-09&geo=IN&q=Jeju%20Island%20travel&hl=en,의도어 문법 KTOURISM_D03(제주) x 인도 현지어(en),,,제주,KTOURISM_GRAMMAR_V1
IN|KTOURISM|KTOURISM_P01,IN,KTOURISM,KTOURISM_P01,,keyword,Japan travel,,en,RULE_GRAMMAR,RULE_SELECTED,PENDING_EMPIRICAL,UNKNOWN,PENDING,NOT_YET_TESTED,PENDING_DOM_EXTRACTION,,RULE_GENERATED,,,,,,N/A,,GRAMMAR-LOCALIZED-1.0,NOT_REQUIRED,,PENDING_EMPIRICAL_VALIDATION,,,,,,https://trends.google.com/trends/explore?date=2018-01-01%202026-08-09&geo=IN&q=Japan%20travel&hl=en,의도어 문법 KTOURISM_P01([위약] 일본 여행) x 인도 현지어(en),,위약이지만 한일 노선은 대체재 관계라 음(-)의 상관 가능 — 계수 부호까지 함께 볼 것,[위약] 일본 여행,KTOURISM_GRAMMAR_V1
IN|KTOURISM|KTOURISM_P02,IN,KTOURISM,KTOURISM_P02,,keyword,Thailand travel,,en,RULE_GRAMMAR,RULE_SELECTED,PENDING_EMPIRICAL,UNKNOWN,PENDING,NOT_YET_TESTED,PENDING_DOM_EXTRACTION,,RULE_GENERATED,,,,,,N/A,,GRAMMAR-LOCALIZED-1.0,NOT_REQUIRED,,PENDING_EMPIRICAL_VALIDATION,,,,,,https://trends.google.com/trends/explore?date=2018-01-01%202026-08-09&geo=IN&q=Thailand%20travel&hl=en,의도어 문법 KTOURISM_P02([위약] 태국 여행) x 인도 현지어(en),,,[위약] 태국 여행,KTOURISM_GRAMMAR_V1
MY|KTOURISM|KTOURISM_C02,MY,KTOURISM,KTOURISM_C02,,topic,/g/11h_5y_9w7,/g/11h_5y_9w7,und,RULE_GRAMMAR,RULE_SELECTED,INHERITED_VALIDATED_MID,UNKNOWN,INHERITED,NOT_YET_TESTED,NOT_TECHNICAL,,MID_PROPAGATED,,,,"IN,SA",,PASS,,GRAMMAR-LOCALIZED-1.0,NOT_REQUIRED,,PENDING_EMPIRICAL_VALIDATION,,,,,South Korea tourism,https://trends.google.com/trends/explore?date=2018-01-01%202026-08-09&geo=MY&q=%2Fg%2F11h_5y_9w7&hl=en,의도어 문법 KTOURISM_C02(한국 관광 일반) x 말레이시아 현지어(en),기존 사전에 같은 concept_id 가 영어 질의로 존재 — 병합 시 택일 필요,,한국 관광 일반,KTOURISM_GRAMMAR_V1
MY|KTOURISM|KTOURISM_S01,MY,KTOURISM,KTOURISM_S01,,keyword,flights to Korea,,en,RULE_GRAMMAR,RULE_SELECTED,PENDING_EMPIRICAL,UNKNOWN,PENDING,NOT_YET_TESTED,PENDING_DOM_EXTRACTION,,RULE_GENERATED,,,,,,N/A,,GRAMMAR-LOCALIZED-1.0,NOT_REQUIRED,,PENDING_EMPIRICAL_VALIDATION,,,,,,https://trends.google.com/trends/explore?date=2018-01-01%202026-08-09&geo=MY&q=flights%20to%20Korea&hl=en,의도어 문법 KTOURISM_S01(항공권 (이동)) x 말레이시아 현지어(en),,,항공권 (이동),KTOURISM_GRAMMAR_V1
MY|KTOURISM|KTOURISM_S02,MY,KTOURISM,KTOURISM_S02,,keyword,Seoul hotels,,en,RULE_GRAMMAR,RULE_SELECTED,PENDING_EMPIRICAL,UNKNOWN,PENDING,NOT_YET_TESTED,PENDING_DOM_EXTRACTION,,RULE_GENERATED,,,,,,N/A,,GRAMMAR-LOCALIZED-1.0,NOT_REQUIRED,,PENDING_EMPIRICAL_VALIDATION,,,,,,https://trends.google.com/trends/explore?date=2018-01-01%202026-08-09&geo=MY&q=Seoul%20hotels&hl=en,의도어 문법 KTOURISM_S02(숙박) x 말레이시아 현지어(en),,숙박은 서울로 고정 — 지방 체류 의도를 놓친다,숙박,KTOURISM_GRAMMAR_V1
MY|KTOURISM|KTOURISM_S03,MY,KTOURISM,KTOURISM_S03,,topic,/g/11t7fqrvlx,/g/11t7fqrvlx,und,RULE_GRAMMAR,RULE_SELECTED,INHERITED_VALIDATED_MID,UNKNOWN,INHERITED,NOT_YET_TESTED,NOT_TECHNICAL,,MID_PROPAGATED,,,,AR,,PASS,,GRAMMAR-LOCALIZED-1.0,NOT_REQUIRED,,PENDING_EMPIRICAL_VALIDATION,,,,,Korea tour packages,https://trends.google.com/trends/explore?date=2018-01-01%202026-08-09&geo=MY&q=%2Fg%2F11t7fqrvlx&hl=en,의도어 문법 KTOURISM_S03(투어 패키지) x 말레이시아 현지어(en),기존 사전에 같은 concept_id 가 영어 질의로 존재 — 병합 시 택일 필요,,투어 패키지,KTOURISM_GRAMMAR_V1
MY|KTOURISM|KTOURISM_S04,MY,KTOURISM,KTOURISM_S04,,keyword,Korea visa,,en,RULE_GRAMMAR,RULE_SELECTED,PENDING_EMPIRICAL,UNKNOWN,PENDING,NOT_YET_TESTED,PENDING_DOM_EXTRACTION,,RULE_GENERATED,,,,,,N/A,,GRAMMAR-LOCALIZED-1.0,NOT_REQUIRED,,PENDING_EMPIRICAL_VALIDATION,,,,,,https://trends.google.com/trends/explore?date=2018-01-01%202026-08-09&geo=MY&q=Korea%20visa&hl=en,의도어 문법 KTOURISM_S04(비자·입국) x 말레이시아 현지어(en),,무비자 국가(US·GB·FR·DE·JP·AU 등)에서는 K-ETA 검색이 대부분이라 입국 의도 강도가 국가별로 비대칭,비자·입국,KTOURISM_GRAMMAR_V1
MY|KTOURISM|KTOURISM_D01,MY,KTOURISM,KTOURISM_D01,,keyword,Seoul travel,,en,RULE_GRAMMAR,RULE_SELECTED,PENDING_EMPIRICAL,UNKNOWN,PENDING,NOT_YET_TESTED,PENDING_DOM_EXTRACTION,,RULE_GENERATED,,,,,,N/A,,GRAMMAR-LOCALIZED-1.0,NOT_REQUIRED,,PENDING_EMPIRICAL_VALIDATION,,,,,,https://trends.google.com/trends/explore?date=2018-01-01%202026-08-09&geo=MY&q=Seoul%20travel&hl=en,의도어 문법 KTOURISM_D01(서울) x 말레이시아 현지어(en),,,서울,KTOURISM_GRAMMAR_V1
MY|KTOURISM|KTOURISM_D02,MY,KTOURISM,KTOURISM_D02,,keyword,Busan travel,,en,RULE_GRAMMAR,RULE_SELECTED,PENDING_EMPIRICAL,UNKNOWN,PENDING,NOT_YET_TESTED,PENDING_DOM_EXTRACTION,,RULE_GENERATED,,,,,,N/A,,GRAMMAR-LOCALIZED-1.0,NOT_REQUIRED,,PENDING_EMPIRICAL_VALIDATION,,,,,,https://trends.google.com/trends/explore?date=2018-01-01%202026-08-09&geo=MY&q=Busan%20travel&hl=en,의도어 문법 KTOURISM_D02(부산) x 말레이시아 현지어(en),,Busan 은 영화제·엑스포 유치 뉴스로 여행 무관 급등 가능,부산,KTOURISM_GRAMMAR_V1
MY|KTOURISM|KTOURISM_D03,MY,KTOURISM,KTOURISM_D03,,keyword,Jeju Island travel,,en,RULE_GRAMMAR,RULE_SELECTED,PENDING_EMPIRICAL,UNKNOWN,PENDING,NOT_YET_TESTED,PENDING_DOM_EXTRACTION,,RULE_GENERATED,,,,,,N/A,,GRAMMAR-LOCALIZED-1.0,NOT_REQUIRED,,PENDING_EMPIRICAL_VALIDATION,,,,,,https://trends.google.com/trends/explore?date=2018-01-01%202026-08-09&geo=MY&q=Jeju%20Island%20travel&hl=en,의도어 문법 KTOURISM_D03(제주) x 말레이시아 현지어(en),,,제주,KTOURISM_GRAMMAR_V1
MY|KTOURISM|KTOURISM_P01,MY,KTOURISM,KTOURISM_P01,,keyword,Japan travel,,en,RULE_GRAMMAR,RULE_SELECTED,PENDING_EMPIRICAL,UNKNOWN,PENDING,NOT_YET_TESTED,PENDING_DOM_EXTRACTION,,RULE_GENERATED,,,,,,N/A,,GRAMMAR-LOCALIZED-1.0,NOT_REQUIRED,,PENDING_EMPIRICAL_VALIDATION,,,,,,https://trends.google.com/trends/explore?date=2018-01-01%202026-08-09&geo=MY&q=Japan%20travel&hl=en,의도어 문법 KTOURISM_P01([위약] 일본 여행) x 말레이시아 현지어(en),,위약이지만 한일 노선은 대체재 관계라 음(-)의 상관 가능 — 계수 부호까지 함께 볼 것,[위약] 일본 여행,KTOURISM_GRAMMAR_V1
MY|KTOURISM|KTOURISM_P02,MY,KTOURISM,KTOURISM_P02,,keyword,Thailand travel,,en,RULE_GRAMMAR,RULE_SELECTED,PENDING_EMPIRICAL,UNKNOWN,PENDING,NOT_YET_TESTED,PENDING_DOM_EXTRACTION,,RULE_GENERATED,,,,,,N/A,,GRAMMAR-LOCALIZED-1.0,NOT_REQUIRED,,PENDING_EMPIRICAL_VALIDATION,,,,,,https://trends.google.com/trends/explore?date=2018-01-01%202026-08-09&geo=MY&q=Thailand%20travel&hl=en,의도어 문법 KTOURISM_P02([위약] 태국 여행) x 말레이시아 현지어(en),,,[위약] 태국 여행,KTOURISM_GRAMMAR_V1
JP|KTOURISM|KTOURISM_C02,JP,KTOURISM,KTOURISM_C02,,topic,/g/11h_5y_9w7,/g/11h_5y_9w7,und,RULE_GRAMMAR,RULE_SELECTED,INHERITED_VALIDATED_MID,UNKNOWN,INHERITED,NOT_YET_TESTED,NOT_TECHNICAL,,MID_PROPAGATED,,,,"IN,SA",,PASS,,GRAMMAR-LOCALIZED-1.0,NOT_REQUIRED,,PENDING_EMPIRICAL_VALIDATION,,,,,韓国 観光,https://trends.google.com/trends/explore?date=2018-01-01%202026-08-09&geo=JP&q=%2Fg%2F11h_5y_9w7&hl=en,의도어 문법 KTOURISM_C02(한국 관광 일반) x 일본 현지어(ja),기존 사전에 같은 concept_id 가 영어 질의로 존재 — 병합 시 택일 필요,,한국 관광 일반,KTOURISM_GRAMMAR_V1
JP|KTOURISM|KTOURISM_S01,JP,KTOURISM,KTOURISM_S01,,keyword,韓国 航空券,,ja,RULE_GRAMMAR,RULE_SELECTED,PENDING_EMPIRICAL,UNKNOWN,PENDING,NOT_YET_TESTED,PENDING_DOM_EXTRACTION,,RULE_GENERATED,,,,,,N/A,,GRAMMAR-LOCALIZED-1.0,NOT_REQUIRED,,PENDING_EMPIRICAL_VALIDATION,,,,,,https://trends.google.com/trends/explore?date=2018-01-01%202026-08-09&geo=JP&q=%E9%9F%93%E5%9B%BD%20%E8%88%AA%E7%A9%BA%E5%88%B8&hl=en,의도어 문법 KTOURISM_S01(항공권 (이동)) x 일본 현지어(ja),,,항공권 (이동),KTOURISM_GRAMMAR_V1
JP|KTOURISM|KTOURISM_S02,JP,KTOURISM,KTOURISM_S02,,keyword,ソウル ホテル,,ja,RULE_GRAMMAR,RULE_SELECTED,PENDING_EMPIRICAL,UNKNOWN,PENDING,NOT_YET_TESTED,PENDING_DOM_EXTRACTION,,RULE_GENERATED,,,,,,N/A,,GRAMMAR-LOCALIZED-1.0,NOT_REQUIRED,,PENDING_EMPIRICAL_VALIDATION,,,,,,https://trends.google.com/trends/explore?date=2018-01-01%202026-08-09&geo=JP&q=%E3%82%BD%E3%82%A6%E3%83%AB%20%E3%83%9B%E3%83%86%E3%83%AB&hl=en,의도어 문법 KTOURISM_S02(숙박) x 일본 현지어(ja),,숙박은 서울로 고정 — 지방 체류 의도를 놓친다,숙박,KTOURISM_GRAMMAR_V1
JP|KTOURISM|KTOURISM_S03,JP,KTOURISM,KTOURISM_S03,,topic,/g/11t7fqrvlx,/g/11t7fqrvlx,und,RULE_GRAMMAR,RULE_SELECTED,INHERITED_VALIDATED_MID,UNKNOWN,INHERITED,NOT_YET_TESTED,NOT_TECHNICAL,,MID_PROPAGATED,,,,AR,,PASS,,GRAMMAR-LOCALIZED-1.0,NOT_REQUIRED,,PENDING_EMPIRICAL_VALIDATION,,,,,韓国 ツアー,https://trends.google.com/trends/explore?date=2018-01-01%202026-08-09&geo=JP&q=%2Fg%2F11t7fqrvlx&hl=en,의도어 문법 KTOURISM_S03(투어 패키지) x 일본 현지어(ja),기존 사전에 같은 concept_id 가 영어 질의로 존재 — 병합 시 택일 필요,,투어 패키지,KTOURISM_GRAMMAR_V1
JP|KTOURISM|KTOURISM_S04,JP,KTOURISM,KTOURISM_S04,,keyword,韓国 ビザ,,ja,RULE_GRAMMAR,RULE_SELECTED,PENDING_EMPIRICAL,UNKNOWN,PENDING,NOT_YET_TESTED,PENDING_DOM_EXTRACTION,,RULE_GENERATED,,,,,,N/A,,GRAMMAR-LOCALIZED-1.0,NOT_REQUIRED,,PENDING_EMPIRICAL_VALIDATION,,,,,,https://trends.google.com/trends/explore?date=2018-01-01%202026-08-09&geo=JP&q=%E9%9F%93%E5%9B%BD%20%E3%83%93%E3%82%B6&hl=en,의도어 문법 KTOURISM_S04(비자·입국) x 일본 현지어(ja),,무비자 국가(US·GB·FR·DE·JP·AU 등)에서는 K-ETA 검색이 대부분이라 입국 의도 강도가 국가별로 비대칭,비자·입국,KTOURISM_GRAMMAR_V1
JP|KTOURISM|KTOURISM_D01,JP,KTOURISM,KTOURISM_D01,,keyword,ソウル 旅行,,ja,RULE_GRAMMAR,RULE_SELECTED,PENDING_EMPIRICAL,UNKNOWN,PENDING,NOT_YET_TESTED,PENDING_DOM_EXTRACTION,,RULE_GENERATED,,,,,,N/A,,GRAMMAR-LOCALIZED-1.0,NOT_REQUIRED,,PENDING_EMPIRICAL_VALIDATION,,,,,,https://trends.google.com/trends/explore?date=2018-01-01%202026-08-09&geo=JP&q=%E3%82%BD%E3%82%A6%E3%83%AB%20%E6%97%85%E8%A1%8C&hl=en,의도어 문법 KTOURISM_D01(서울) x 일본 현지어(ja),,,서울,KTOURISM_GRAMMAR_V1
JP|KTOURISM|KTOURISM_D02,JP,KTOURISM,KTOURISM_D02,,keyword,釜山 旅行,,ja,RULE_GRAMMAR,RULE_SELECTED,PENDING_EMPIRICAL,UNKNOWN,PENDING,NOT_YET_TESTED,PENDING_DOM_EXTRACTION,,RULE_GENERATED,,,,,,N/A,,GRAMMAR-LOCALIZED-1.0,NOT_REQUIRED,,PENDING_EMPIRICAL_VALIDATION,,,,,,https://trends.google.com/trends/explore?date=2018-01-01%202026-08-09&geo=JP&q=%E9%87%9C%E5%B1%B1%20%E6%97%85%E8%A1%8C&hl=en,의도어 문법 KTOURISM_D02(부산) x 일본 현지어(ja),,Busan 은 영화제·엑스포 유치 뉴스로 여행 무관 급등 가능,부산,KTOURISM_GRAMMAR_V1
JP|KTOURISM|KTOURISM_D03,JP,KTOURISM,KTOURISM_D03,,keyword,済州島 旅行,,ja,RULE_GRAMMAR,RULE_SELECTED,PENDING_EMPIRICAL,UNKNOWN,PENDING,NOT_YET_TESTED,PENDING_DOM_EXTRACTION,,RULE_GENERATED,,,,,,N/A,,GRAMMAR-LOCALIZED-1.0,NOT_REQUIRED,,PENDING_EMPIRICAL_VALIDATION,,,,,,https://trends.google.com/trends/explore?date=2018-01-01%202026-08-09&geo=JP&q=%E6%B8%88%E5%B7%9E%E5%B3%B6%20%E6%97%85%E8%A1%8C&hl=en,의도어 문법 KTOURISM_D03(제주) x 일본 현지어(ja),,,제주,KTOURISM_GRAMMAR_V1
JP|KTOURISM|KTOURISM_P02,JP,KTOURISM,KTOURISM_P02,,keyword,タイ 旅行,,ja,RULE_GRAMMAR,RULE_SELECTED,PENDING_EMPIRICAL,UNKNOWN,PENDING,NOT_YET_TESTED,PENDING_DOM_EXTRACTION,,RULE_GENERATED,,,,,,N/A,,GRAMMAR-LOCALIZED-1.0,NOT_REQUIRED,,PENDING_EMPIRICAL_VALIDATION,,,,,,https://trends.google.com/trends/explore?date=2018-01-01%202026-08-09&geo=JP&q=%E3%82%BF%E3%82%A4%20%E6%97%85%E8%A1%8C&hl=en,의도어 문법 KTOURISM_P02([위약] 태국 여행) x 일본 현지어(ja),,,[위약] 태국 여행,KTOURISM_GRAMMAR_V1
VN|KTOURISM|KTOURISM_C02,VN,KTOURISM,KTOURISM_C02,,topic,/g/11h_5y_9w7,/g/11h_5y_9w7,und,RULE_GRAMMAR,RULE_SELECTED,INHERITED_VALIDATED_MID,UNKNOWN,INHERITED,NOT_YET_TESTED,NOT_TECHNICAL,,MID_PROPAGATED,,,,"IN,SA",,PASS,,GRAMMAR-LOCALIZED-1.0,NOT_REQUIRED,,PENDING_EMPIRICAL_VALIDATION,,,,,du lịch Hàn Quốc,https://trends.google.com/trends/explore?date=2018-01-01%202026-08-09&geo=VN&q=%2Fg%2F11h_5y_9w7&hl=en,의도어 문법 KTOURISM_C02(한국 관광 일반) x 베트남 현지어(vi),기존 사전에 같은 concept_id 가 영어 질의로 존재 — 병합 시 택일 필요,,한국 관광 일반,KTOURISM_GRAMMAR_V1
VN|KTOURISM|KTOURISM_S01,VN,KTOURISM,KTOURISM_S01,,keyword,vé máy bay đi Hàn Quốc,,vi,RULE_GRAMMAR,RULE_SELECTED,PENDING_EMPIRICAL,UNKNOWN,PENDING,NOT_YET_TESTED,PENDING_DOM_EXTRACTION,,RULE_GENERATED,,,,,,N/A,,GRAMMAR-LOCALIZED-1.0,NOT_REQUIRED,,PENDING_EMPIRICAL_VALIDATION,,,,,,https://trends.google.com/trends/explore?date=2018-01-01%202026-08-09&geo=VN&q=v%C3%A9%20m%C3%A1y%20bay%20%C4%91i%20H%C3%A0n%20Qu%E1%BB%91c&hl=en,의도어 문법 KTOURISM_S01(항공권 (이동)) x 베트남 현지어(vi),,,항공권 (이동),KTOURISM_GRAMMAR_V1
VN|KTOURISM|KTOURISM_S02,VN,KTOURISM,KTOURISM_S02,,keyword,khách sạn Seoul,,vi,RULE_GRAMMAR,RULE_SELECTED,PENDING_EMPIRICAL,UNKNOWN,PENDING,NOT_YET_TESTED,PENDING_DOM_EXTRACTION,,RULE_GENERATED,,,,,,N/A,,GRAMMAR-LOCALIZED-1.0,NOT_REQUIRED,,PENDING_EMPIRICAL_VALIDATION,,,,,,https://trends.google.com/trends/explore?date=2018-01-01%202026-08-09&geo=VN&q=kh%C3%A1ch%20s%E1%BA%A1n%20Seoul&hl=en,의도어 문법 KTOURISM_S02(숙박) x 베트남 현지어(vi),,숙박은 서울로 고정 — 지방 체류 의도를 놓친다,숙박,KTOURISM_GRAMMAR_V1
VN|KTOURISM|KTOURISM_S03,VN,KTOURISM,KTOURISM_S03,,topic,/g/11t7fqrvlx,/g/11t7fqrvlx,und,RULE_GRAMMAR,RULE_SELECTED,INHERITED_VALIDATED_MID,UNKNOWN,INHERITED,NOT_YET_TESTED,NOT_TECHNICAL,,MID_PROPAGATED,,,,AR,,PASS,,GRAMMAR-LOCALIZED-1.0,NOT_REQUIRED,,PENDING_EMPIRICAL_VALIDATION,,,,,tour Hàn Quốc,https://trends.google.com/trends/explore?date=2018-01-01%202026-08-09&geo=VN&q=%2Fg%2F11t7fqrvlx&hl=en,의도어 문법 KTOURISM_S03(투어 패키지) x 베트남 현지어(vi),기존 사전에 같은 concept_id 가 영어 질의로 존재 — 병합 시 택일 필요,,투어 패키지,KTOURISM_GRAMMAR_V1
VN|KTOURISM|KTOURISM_S04,VN,KTOURISM,KTOURISM_S04,,keyword,visa Hàn Quốc,,vi,RULE_GRAMMAR,RULE_SELECTED,PENDING_EMPIRICAL,UNKNOWN,PENDING,NOT_YET_TESTED,PENDING_DOM_EXTRACTION,,RULE_GENERATED,,,,,,N/A,,GRAMMAR-LOCALIZED-1.0,NOT_REQUIRED,,PENDING_EMPIRICAL_VALIDATION,,,,,,https://trends.google.com/trends/explore?date=2018-01-01%202026-08-09&geo=VN&q=visa%20H%C3%A0n%20Qu%E1%BB%91c&hl=en,의도어 문법 KTOURISM_S04(비자·입국) x 베트남 현지어(vi),,무비자 국가(US·GB·FR·DE·JP·AU 등)에서는 K-ETA 검색이 대부분이라 입국 의도 강도가 국가별로 비대칭,비자·입국,KTOURISM_GRAMMAR_V1
VN|KTOURISM|KTOURISM_D01,VN,KTOURISM,KTOURISM_D01,,keyword,du lịch Seoul,,vi,RULE_GRAMMAR,RULE_SELECTED,PENDING_EMPIRICAL,UNKNOWN,PENDING,NOT_YET_TESTED,PENDING_DOM_EXTRACTION,,RULE_GENERATED,,,,,,N/A,,GRAMMAR-LOCALIZED-1.0,NOT_REQUIRED,,PENDING_EMPIRICAL_VALIDATION,,,,,,https://trends.google.com/trends/explore?date=2018-01-01%202026-08-09&geo=VN&q=du%20l%E1%BB%8Bch%20Seoul&hl=en,의도어 문법 KTOURISM_D01(서울) x 베트남 현지어(vi),,,서울,KTOURISM_GRAMMAR_V1
VN|KTOURISM|KTOURISM_D02,VN,KTOURISM,KTOURISM_D02,,keyword,du lịch Busan,,vi,RULE_GRAMMAR,RULE_SELECTED,PENDING_EMPIRICAL,UNKNOWN,PENDING,NOT_YET_TESTED,PENDING_DOM_EXTRACTION,,RULE_GENERATED,,,,,,N/A,,GRAMMAR-LOCALIZED-1.0,NOT_REQUIRED,,PENDING_EMPIRICAL_VALIDATION,,,,,,https://trends.google.com/trends/explore?date=2018-01-01%202026-08-09&geo=VN&q=du%20l%E1%BB%8Bch%20Busan&hl=en,의도어 문법 KTOURISM_D02(부산) x 베트남 현지어(vi),,Busan 은 영화제·엑스포 유치 뉴스로 여행 무관 급등 가능,부산,KTOURISM_GRAMMAR_V1
VN|KTOURISM|KTOURISM_D03,VN,KTOURISM,KTOURISM_D03,,keyword,du lịch đảo Jeju,,vi,RULE_GRAMMAR,RULE_SELECTED,PENDING_EMPIRICAL,UNKNOWN,PENDING,NOT_YET_TESTED,PENDING_DOM_EXTRACTION,,RULE_GENERATED,,,,,,N/A,,GRAMMAR-LOCALIZED-1.0,NOT_REQUIRED,,PENDING_EMPIRICAL_VALIDATION,,,,,,https://trends.google.com/trends/explore?date=2018-01-01%202026-08-09&geo=VN&q=du%20l%E1%BB%8Bch%20%C4%91%E1%BA%A3o%20Jeju&hl=en,의도어 문법 KTOURISM_D03(제주) x 베트남 현지어(vi),,,제주,KTOURISM_GRAMMAR_V1
VN|KTOURISM|KTOURISM_P01,VN,KTOURISM,KTOURISM_P01,,keyword,du lịch Nhật Bản,,vi,RULE_GRAMMAR,RULE_SELECTED,PENDING_EMPIRICAL,UNKNOWN,PENDING,NOT_YET_TESTED,PENDING_DOM_EXTRACTION,,RULE_GENERATED,,,,,,N/A,,GRAMMAR-LOCALIZED-1.0,NOT_REQUIRED,,PENDING_EMPIRICAL_VALIDATION,,,,,,https://trends.google.com/trends/explore?date=2018-01-01%202026-08-09&geo=VN&q=du%20l%E1%BB%8Bch%20Nh%E1%BA%ADt%20B%E1%BA%A3n&hl=en,의도어 문법 KTOURISM_P01([위약] 일본 여행) x 베트남 현지어(vi),,위약이지만 한일 노선은 대체재 관계라 음(-)의 상관 가능 — 계수 부호까지 함께 볼 것,[위약] 일본 여행,KTOURISM_GRAMMAR_V1
VN|KTOURISM|KTOURISM_P02,VN,KTOURISM,KTOURISM_P02,,keyword,du lịch Thái Lan,,vi,RULE_GRAMMAR,RULE_SELECTED,PENDING_EMPIRICAL,UNKNOWN,PENDING,NOT_YET_TESTED,PENDING_DOM_EXTRACTION,,RULE_GENERATED,,,,,,N/A,,GRAMMAR-LOCALIZED-1.0,NOT_REQUIRED,,PENDING_EMPIRICAL_VALIDATION,,,,,,https://trends.google.com/trends/explore?date=2018-01-01%202026-08-09&geo=VN&q=du%20l%E1%BB%8Bch%20Th%C3%A1i%20Lan&hl=en,의도어 문법 KTOURISM_P02([위약] 태국 여행) x 베트남 현지어(vi),,,[위약] 태국 여행,KTOURISM_GRAMMAR_V1
TH|KTOURISM|KTOURISM_C02,TH,KTOURISM,KTOURISM_C02,,topic,/g/11h_5y_9w7,/g/11h_5y_9w7,und,RULE_GRAMMAR,RULE_SELECTED,INHERITED_VALIDATED_MID,UNKNOWN,INHERITED,NOT_YET_TESTED,NOT_TECHNICAL,,MID_PROPAGATED,,,,"IN,SA",,PASS,,GRAMMAR-LOCALIZED-1.0,NOT_REQUIRED,,PENDING_EMPIRICAL_VALIDATION,,,,,ท่องเที่ยว เกาหลีใต้,https://trends.google.com/trends/explore?date=2018-01-01%202026-08-09&geo=TH&q=%2Fg%2F11h_5y_9w7&hl=en,의도어 문법 KTOURISM_C02(한국 관광 일반) x 태국 현지어(th),기존 사전에 같은 concept_id 가 영어 질의로 존재 — 병합 시 택일 필요,,한국 관광 일반,KTOURISM_GRAMMAR_V1
TH|KTOURISM|KTOURISM_S01,TH,KTOURISM,KTOURISM_S01,,keyword,ตั๋วเครื่องบิน เกาหลี,,th,RULE_GRAMMAR,RULE_SELECTED,PENDING_EMPIRICAL,UNKNOWN,PENDING,NOT_YET_TESTED,PENDING_DOM_EXTRACTION,,RULE_GENERATED,,,,,,N/A,,GRAMMAR-LOCALIZED-1.0,NOT_REQUIRED,,PENDING_EMPIRICAL_VALIDATION,,,,,,https://trends.google.com/trends/explore?date=2018-01-01%202026-08-09&geo=TH&q=%E0%B8%95%E0%B8%B1%E0%B9%8B%E0%B8%A7%E0%B9%80%E0%B8%84%E0%B8%A3%E0%B8%B7%E0%B9%88%E0%B8%AD%E0%B8%87%E0%B8%9A%E0%B8%B4%E0%B8%99%20%E0%B9%80%E0%B8%81%E0%B8%B2%E0%B8%AB%E0%B8%A5%E0%B8%B5&hl=en,의도어 문법 KTOURISM_S01(항공권 (이동)) x 태국 현지어(th),,,항공권 (이동),KTOURISM_GRAMMAR_V1
TH|KTOURISM|KTOURISM_S02,TH,KTOURISM,KTOURISM_S02,,keyword,โรงแรม โซล,,th,RULE_GRAMMAR,RULE_SELECTED,PENDING_EMPIRICAL,UNKNOWN,PENDING,NOT_YET_TESTED,PENDING_DOM_EXTRACTION,,RULE_GENERATED,,,,,,N/A,,GRAMMAR-LOCALIZED-1.0,NOT_REQUIRED,,PENDING_EMPIRICAL_VALIDATION,,,,,,https://trends.google.com/trends/explore?date=2018-01-01%202026-08-09&geo=TH&q=%E0%B9%82%E0%B8%A3%E0%B8%87%E0%B9%81%E0%B8%A3%E0%B8%A1%20%E0%B9%82%E0%B8%8B%E0%B8%A5&hl=en,의도어 문법 KTOURISM_S02(숙박) x 태국 현지어(th),,숙박은 서울로 고정 — 지방 체류 의도를 놓친다,숙박,KTOURISM_GRAMMAR_V1
TH|KTOURISM|KTOURISM_S03,TH,KTOURISM,KTOURISM_S03,,topic,/g/11t7fqrvlx,/g/11t7fqrvlx,und,RULE_GRAMMAR,RULE_SELECTED,INHERITED_VALIDATED_MID,UNKNOWN,INHERITED,NOT_YET_TESTED,NOT_TECHNICAL,,MID_PROPAGATED,,,,AR,,PASS,,GRAMMAR-LOCALIZED-1.0,NOT_REQUIRED,,PENDING_EMPIRICAL_VALIDATION,,,,,ทัวร์ เกาหลี,https://trends.google.com/trends/explore?date=2018-01-01%202026-08-09&geo=TH&q=%2Fg%2F11t7fqrvlx&hl=en,의도어 문법 KTOURISM_S03(투어 패키지) x 태국 현지어(th),기존 사전에 같은 concept_id 가 영어 질의로 존재 — 병합 시 택일 필요,,투어 패키지,KTOURISM_GRAMMAR_V1
TH|KTOURISM|KTOURISM_S04,TH,KTOURISM,KTOURISM_S04,,keyword,วีซ่า เกาหลี,,th,RULE_GRAMMAR,RULE_SELECTED,PENDING_EMPIRICAL,UNKNOWN,PENDING,NOT_YET_TESTED,PENDING_DOM_EXTRACTION,,RULE_GENERATED,,,,,,N/A,,GRAMMAR-LOCALIZED-1.0,NOT_REQUIRED,,PENDING_EMPIRICAL_VALIDATION,,,,,,https://trends.google.com/trends/explore?date=2018-01-01%202026-08-09&geo=TH&q=%E0%B8%A7%E0%B8%B5%E0%B8%8B%E0%B9%88%E0%B8%B2%20%E0%B9%80%E0%B8%81%E0%B8%B2%E0%B8%AB%E0%B8%A5%E0%B8%B5&hl=en,의도어 문법 KTOURISM_S04(비자·입국) x 태국 현지어(th),,무비자 국가(US·GB·FR·DE·JP·AU 등)에서는 K-ETA 검색이 대부분이라 입국 의도 강도가 국가별로 비대칭,비자·입국,KTOURISM_GRAMMAR_V1
TH|KTOURISM|KTOURISM_D01,TH,KTOURISM,KTOURISM_D01,,keyword,เที่ยว โซล,,th,RULE_GRAMMAR,RULE_SELECTED,PENDING_EMPIRICAL,UNKNOWN,PENDING,NOT_YET_TESTED,PENDING_DOM_EXTRACTION,,RULE_GENERATED,,,,,,N/A,,GRAMMAR-LOCALIZED-1.0,NOT_REQUIRED,,PENDING_EMPIRICAL_VALIDATION,,,,,,https://trends.google.com/trends/explore?date=2018-01-01%202026-08-09&geo=TH&q=%E0%B9%80%E0%B8%97%E0%B8%B5%E0%B9%88%E0%B8%A2%E0%B8%A7%20%E0%B9%82%E0%B8%8B%E0%B8%A5&hl=en,의도어 문법 KTOURISM_D01(서울) x 태국 현지어(th),,,서울,KTOURISM_GRAMMAR_V1
TH|KTOURISM|KTOURISM_D02,TH,KTOURISM,KTOURISM_D02,,keyword,เที่ยว ปูซาน,,th,RULE_GRAMMAR,RULE_SELECTED,PENDING_EMPIRICAL,UNKNOWN,PENDING,NOT_YET_TESTED,PENDING_DOM_EXTRACTION,,RULE_GENERATED,,,,,,N/A,,GRAMMAR-LOCALIZED-1.0,NOT_REQUIRED,,PENDING_EMPIRICAL_VALIDATION,,,,,,https://trends.google.com/trends/explore?date=2018-01-01%202026-08-09&geo=TH&q=%E0%B9%80%E0%B8%97%E0%B8%B5%E0%B9%88%E0%B8%A2%E0%B8%A7%20%E0%B8%9B%E0%B8%B9%E0%B8%8B%E0%B8%B2%E0%B8%99&hl=en,의도어 문법 KTOURISM_D02(부산) x 태국 현지어(th),,Busan 은 영화제·엑스포 유치 뉴스로 여행 무관 급등 가능,부산,KTOURISM_GRAMMAR_V1
TH|KTOURISM|KTOURISM_D03,TH,KTOURISM,KTOURISM_D03,,keyword,เที่ยว เชจู,,th,RULE_GRAMMAR,RULE_SELECTED,PENDING_EMPIRICAL,UNKNOWN,PENDING,NOT_YET_TESTED,PENDING_DOM_EXTRACTION,,RULE_GENERATED,,,,,,N/A,,GRAMMAR-LOCALIZED-1.0,NOT_REQUIRED,,PENDING_EMPIRICAL_VALIDATION,,,,,,https://trends.google.com/trends/explore?date=2018-01-01%202026-08-09&geo=TH&q=%E0%B9%80%E0%B8%97%E0%B8%B5%E0%B9%88%E0%B8%A2%E0%B8%A7%20%E0%B9%80%E0%B8%8A%E0%B8%88%E0%B8%B9&hl=en,의도어 문법 KTOURISM_D03(제주) x 태국 현지어(th),,,제주,KTOURISM_GRAMMAR_V1
TH|KTOURISM|KTOURISM_P01,TH,KTOURISM,KTOURISM_P01,,keyword,เที่ยว ญี่ปุ่น,,th,RULE_GRAMMAR,RULE_SELECTED,PENDING_EMPIRICAL,UNKNOWN,PENDING,NOT_YET_TESTED,PENDING_DOM_EXTRACTION,,RULE_GENERATED,,,,,,N/A,,GRAMMAR-LOCALIZED-1.0,NOT_REQUIRED,,PENDING_EMPIRICAL_VALIDATION,,,,,,https://trends.google.com/trends/explore?date=2018-01-01%202026-08-09&geo=TH&q=%E0%B9%80%E0%B8%97%E0%B8%B5%E0%B9%88%E0%B8%A2%E0%B8%A7%20%E0%B8%8D%E0%B8%B5%E0%B9%88%E0%B8%9B%E0%B8%B8%E0%B9%88%E0%B8%99&hl=en,의도어 문법 KTOURISM_P01([위약] 일본 여행) x 태국 현지어(th),,위약이지만 한일 노선은 대체재 관계라 음(-)의 상관 가능 — 계수 부호까지 함께 볼 것,[위약] 일본 여행,KTOURISM_GRAMMAR_V1
ID|KTOURISM|KTOURISM_C02,ID,KTOURISM,KTOURISM_C02,,topic,/g/11h_5y_9w7,/g/11h_5y_9w7,und,RULE_GRAMMAR,RULE_SELECTED,INHERITED_VALIDATED_MID,UNKNOWN,INHERITED,NOT_YET_TESTED,NOT_TECHNICAL,,MID_PROPAGATED,,,,"IN,SA",,PASS,,GRAMMAR-LOCALIZED-1.0,NOT_REQUIRED,,PENDING_EMPIRICAL_VALIDATION,,,,,pariwisata Korea Selatan,https://trends.google.com/trends/explore?date=2018-01-01%202026-08-09&geo=ID&q=%2Fg%2F11h_5y_9w7&hl=en,의도어 문법 KTOURISM_C02(한국 관광 일반) x 인도네시아 현지어(id),기존 사전에 같은 concept_id 가 영어 질의로 존재 — 병합 시 택일 필요,,한국 관광 일반,KTOURISM_GRAMMAR_V1
ID|KTOURISM|KTOURISM_S01,ID,KTOURISM,KTOURISM_S01,,keyword,tiket pesawat ke Korea,,id,RULE_GRAMMAR,RULE_SELECTED,PENDING_EMPIRICAL,UNKNOWN,PENDING,NOT_YET_TESTED,PENDING_DOM_EXTRACTION,,RULE_GENERATED,,,,,,N/A,,GRAMMAR-LOCALIZED-1.0,NOT_REQUIRED,,PENDING_EMPIRICAL_VALIDATION,,,,,,https://trends.google.com/trends/explore?date=2018-01-01%202026-08-09&geo=ID&q=tiket%20pesawat%20ke%20Korea&hl=en,의도어 문법 KTOURISM_S01(항공권 (이동)) x 인도네시아 현지어(id),,,항공권 (이동),KTOURISM_GRAMMAR_V1
ID|KTOURISM|KTOURISM_S02,ID,KTOURISM,KTOURISM_S02,,keyword,hotel Seoul,,id,RULE_GRAMMAR,RULE_SELECTED,PENDING_EMPIRICAL,UNKNOWN,PENDING,NOT_YET_TESTED,PENDING_DOM_EXTRACTION,,RULE_GENERATED,,,,,,N/A,,GRAMMAR-LOCALIZED-1.0,NOT_REQUIRED,,PENDING_EMPIRICAL_VALIDATION,,,,,,https://trends.google.com/trends/explore?date=2018-01-01%202026-08-09&geo=ID&q=hotel%20Seoul&hl=en,의도어 문법 KTOURISM_S02(숙박) x 인도네시아 현지어(id),,숙박은 서울로 고정 — 지방 체류 의도를 놓친다,숙박,KTOURISM_GRAMMAR_V1
ID|KTOURISM|KTOURISM_S03,ID,KTOURISM,KTOURISM_S03,,topic,/g/11t7fqrvlx,/g/11t7fqrvlx,und,RULE_GRAMMAR,RULE_SELECTED,INHERITED_VALIDATED_MID,UNKNOWN,INHERITED,NOT_YET_TESTED,NOT_TECHNICAL,,MID_PROPAGATED,,,,AR,,PASS,,GRAMMAR-LOCALIZED-1.0,NOT_REQUIRED,,PENDING_EMPIRICAL_VALIDATION,,,,,paket tour Korea,https://trends.google.com/trends/explore?date=2018-01-01%202026-08-09&geo=ID&q=%2Fg%2F11t7fqrvlx&hl=en,의도어 문법 KTOURISM_S03(투어 패키지) x 인도네시아 현지어(id),기존 사전에 같은 concept_id 가 영어 질의로 존재 — 병합 시 택일 필요,,투어 패키지,KTOURISM_GRAMMAR_V1
ID|KTOURISM|KTOURISM_S04,ID,KTOURISM,KTOURISM_S04,,keyword,visa Korea,,id,RULE_GRAMMAR,RULE_SELECTED,PENDING_EMPIRICAL,UNKNOWN,PENDING,NOT_YET_TESTED,PENDING_DOM_EXTRACTION,,RULE_GENERATED,,,,,,N/A,,GRAMMAR-LOCALIZED-1.0,NOT_REQUIRED,,PENDING_EMPIRICAL_VALIDATION,,,,,,https://trends.google.com/trends/explore?date=2018-01-01%202026-08-09&geo=ID&q=visa%20Korea&hl=en,의도어 문법 KTOURISM_S04(비자·입국) x 인도네시아 현지어(id),,무비자 국가(US·GB·FR·DE·JP·AU 등)에서는 K-ETA 검색이 대부분이라 입국 의도 강도가 국가별로 비대칭,비자·입국,KTOURISM_GRAMMAR_V1
ID|KTOURISM|KTOURISM_D01,ID,KTOURISM,KTOURISM_D01,,keyword,wisata Seoul,,id,RULE_GRAMMAR,RULE_SELECTED,PENDING_EMPIRICAL,UNKNOWN,PENDING,NOT_YET_TESTED,PENDING_DOM_EXTRACTION,,RULE_GENERATED,,,,,,N/A,,GRAMMAR-LOCALIZED-1.0,NOT_REQUIRED,,PENDING_EMPIRICAL_VALIDATION,,,,,,https://trends.google.com/trends/explore?date=2018-01-01%202026-08-09&geo=ID&q=wisata%20Seoul&hl=en,의도어 문법 KTOURISM_D01(서울) x 인도네시아 현지어(id),,,서울,KTOURISM_GRAMMAR_V1
ID|KTOURISM|KTOURISM_D02,ID,KTOURISM,KTOURISM_D02,,keyword,wisata Busan,,id,RULE_GRAMMAR,RULE_SELECTED,PENDING_EMPIRICAL,UNKNOWN,PENDING,NOT_YET_TESTED,PENDING_DOM_EXTRACTION,,RULE_GENERATED,,,,,,N/A,,GRAMMAR-LOCALIZED-1.0,NOT_REQUIRED,,PENDING_EMPIRICAL_VALIDATION,,,,,,https://trends.google.com/trends/explore?date=2018-01-01%202026-08-09&geo=ID&q=wisata%20Busan&hl=en,의도어 문법 KTOURISM_D02(부산) x 인도네시아 현지어(id),,Busan 은 영화제·엑스포 유치 뉴스로 여행 무관 급등 가능,부산,KTOURISM_GRAMMAR_V1
ID|KTOURISM|KTOURISM_D03,ID,KTOURISM,KTOURISM_D03,,keyword,wisata Pulau Jeju,,id,RULE_GRAMMAR,RULE_SELECTED,PENDING_EMPIRICAL,UNKNOWN,PENDING,NOT_YET_TESTED,PENDING_DOM_EXTRACTION,,RULE_GENERATED,,,,,,N/A,,GRAMMAR-LOCALIZED-1.0,NOT_REQUIRED,,PENDING_EMPIRICAL_VALIDATION,,,,,,https://trends.google.com/trends/explore?date=2018-01-01%202026-08-09&geo=ID&q=wisata%20Pulau%20Jeju&hl=en,의도어 문법 KTOURISM_D03(제주) x 인도네시아 현지어(id),,,제주,KTOURISM_GRAMMAR_V1
ID|KTOURISM|KTOURISM_P01,ID,KTOURISM,KTOURISM_P01,,keyword,wisata Jepang,,id,RULE_GRAMMAR,RULE_SELECTED,PENDING_EMPIRICAL,UNKNOWN,PENDING,NOT_YET_TESTED,PENDING_DOM_EXTRACTION,,RULE_GENERATED,,,,,,N/A,,GRAMMAR-LOCALIZED-1.0,NOT_REQUIRED,,PENDING_EMPIRICAL_VALIDATION,,,,,,https://trends.google.com/trends/explore?date=2018-01-01%202026-08-09&geo=ID&q=wisata%20Jepang&hl=en,의도어 문법 KTOURISM_P01([위약] 일본 여행) x 인도네시아 현지어(id),,위약이지만 한일 노선은 대체재 관계라 음(-)의 상관 가능 — 계수 부호까지 함께 볼 것,[위약] 일본 여행,KTOURISM_GRAMMAR_V1
ID|KTOURISM|KTOURISM_P02,ID,KTOURISM,KTOURISM_P02,,keyword,wisata Thailand,,id,RULE_GRAMMAR,RULE_SELECTED,PENDING_EMPIRICAL,UNKNOWN,PENDING,NOT_YET_TESTED,PENDING_DOM_EXTRACTION,,RULE_GENERATED,,,,,,N/A,,GRAMMAR-LOCALIZED-1.0,NOT_REQUIRED,,PENDING_EMPIRICAL_VALIDATION,,,,,,https://trends.google.com/trends/explore?date=2018-01-01%202026-08-09&geo=ID&q=wisata%20Thailand&hl=en,의도어 문법 KTOURISM_P02([위약] 태국 여행) x 인도네시아 현지어(id),,,[위약] 태국 여행,KTOURISM_GRAMMAR_V1
FR|KTOURISM|KTOURISM_C02,FR,KTOURISM,KTOURISM_C02,,topic,/g/11h_5y_9w7,/g/11h_5y_9w7,und,RULE_GRAMMAR,RULE_SELECTED,INHERITED_VALIDATED_MID,UNKNOWN,INHERITED,NOT_YET_TESTED,NOT_TECHNICAL,,MID_PROPAGATED,,,,"IN,SA",,PASS,,GRAMMAR-LOCALIZED-1.0,NOT_REQUIRED,,PENDING_EMPIRICAL_VALIDATION,,,,,tourisme Corée du Sud,https://trends.google.com/trends/explore?date=2018-01-01%202026-08-09&geo=FR&q=%2Fg%2F11h_5y_9w7&hl=en,의도어 문법 KTOURISM_C02(한국 관광 일반) x 프랑스 현지어(fr),기존 사전에 같은 concept_id 가 영어 질의로 존재 — 병합 시 택일 필요,,한국 관광 일반,KTOURISM_GRAMMAR_V1
FR|KTOURISM|KTOURISM_S01,FR,KTOURISM,KTOURISM_S01,,keyword,vol Corée du Sud,,fr,RULE_GRAMMAR,RULE_SELECTED,PENDING_EMPIRICAL,UNKNOWN,PENDING,NOT_YET_TESTED,PENDING_DOM_EXTRACTION,,RULE_GENERATED,,,,,,N/A,,GRAMMAR-LOCALIZED-1.0,NOT_REQUIRED,,PENDING_EMPIRICAL_VALIDATION,,,,,,https://trends.google.com/trends/explore?date=2018-01-01%202026-08-09&geo=FR&q=vol%20Cor%C3%A9e%20du%20Sud&hl=en,의도어 문법 KTOURISM_S01(항공권 (이동)) x 프랑스 현지어(fr),,,항공권 (이동),KTOURISM_GRAMMAR_V1
FR|KTOURISM|KTOURISM_S02,FR,KTOURISM,KTOURISM_S02,,keyword,hôtel Séoul,,fr,RULE_GRAMMAR,RULE_SELECTED,PENDING_EMPIRICAL,UNKNOWN,PENDING,NOT_YET_TESTED,PENDING_DOM_EXTRACTION,,RULE_GENERATED,,,,,,N/A,,GRAMMAR-LOCALIZED-1.0,NOT_REQUIRED,,PENDING_EMPIRICAL_VALIDATION,,,,,,https://trends.google.com/trends/explore?date=2018-01-01%202026-08-09&geo=FR&q=h%C3%B4tel%20S%C3%A9oul&hl=en,의도어 문법 KTOURISM_S02(숙박) x 프랑스 현지어(fr),,숙박은 서울로 고정 — 지방 체류 의도를 놓친다,숙박,KTOURISM_GRAMMAR_V1
FR|KTOURISM|KTOURISM_S03,FR,KTOURISM,KTOURISM_S03,,topic,/g/11t7fqrvlx,/g/11t7fqrvlx,und,RULE_GRAMMAR,RULE_SELECTED,INHERITED_VALIDATED_MID,UNKNOWN,INHERITED,NOT_YET_TESTED,NOT_TECHNICAL,,MID_PROPAGATED,,,,AR,,PASS,,GRAMMAR-LOCALIZED-1.0,NOT_REQUIRED,,PENDING_EMPIRICAL_VALIDATION,,,,,séjour Corée du Sud,https://trends.google.com/trends/explore?date=2018-01-01%202026-08-09&geo=FR&q=%2Fg%2F11t7fqrvlx&hl=en,의도어 문법 KTOURISM_S03(투어 패키지) x 프랑스 현지어(fr),기존 사전에 같은 concept_id 가 영어 질의로 존재 — 병합 시 택일 필요,,투어 패키지,KTOURISM_GRAMMAR_V1
FR|KTOURISM|KTOURISM_S04,FR,KTOURISM,KTOURISM_S04,,keyword,visa Corée du Sud,,fr,RULE_GRAMMAR,RULE_SELECTED,PENDING_EMPIRICAL,UNKNOWN,PENDING,NOT_YET_TESTED,PENDING_DOM_EXTRACTION,,RULE_GENERATED,,,,,,N/A,,GRAMMAR-LOCALIZED-1.0,NOT_REQUIRED,,PENDING_EMPIRICAL_VALIDATION,,,,,,https://trends.google.com/trends/explore?date=2018-01-01%202026-08-09&geo=FR&q=visa%20Cor%C3%A9e%20du%20Sud&hl=en,의도어 문법 KTOURISM_S04(비자·입국) x 프랑스 현지어(fr),,무비자 국가(US·GB·FR·DE·JP·AU 등)에서는 K-ETA 검색이 대부분이라 입국 의도 강도가 국가별로 비대칭,비자·입국,KTOURISM_GRAMMAR_V1
FR|KTOURISM|KTOURISM_D01,FR,KTOURISM,KTOURISM_D01,,keyword,voyage Séoul,,fr,RULE_GRAMMAR,RULE_SELECTED,PENDING_EMPIRICAL,UNKNOWN,PENDING,NOT_YET_TESTED,PENDING_DOM_EXTRACTION,,RULE_GENERATED,,,,,,N/A,,GRAMMAR-LOCALIZED-1.0,NOT_REQUIRED,,PENDING_EMPIRICAL_VALIDATION,,,,,,https://trends.google.com/trends/explore?date=2018-01-01%202026-08-09&geo=FR&q=voyage%20S%C3%A9oul&hl=en,의도어 문법 KTOURISM_D01(서울) x 프랑스 현지어(fr),,,서울,KTOURISM_GRAMMAR_V1
FR|KTOURISM|KTOURISM_D02,FR,KTOURISM,KTOURISM_D02,,keyword,voyage Busan,,fr,RULE_GRAMMAR,RULE_SELECTED,PENDING_EMPIRICAL,UNKNOWN,PENDING,NOT_YET_TESTED,PENDING_DOM_EXTRACTION,,RULE_GENERATED,,,,,,N/A,,GRAMMAR-LOCALIZED-1.0,NOT_REQUIRED,,PENDING_EMPIRICAL_VALIDATION,,,,,,https://trends.google.com/trends/explore?date=2018-01-01%202026-08-09&geo=FR&q=voyage%20Busan&hl=en,의도어 문법 KTOURISM_D02(부산) x 프랑스 현지어(fr),,Busan 은 영화제·엑스포 유치 뉴스로 여행 무관 급등 가능,부산,KTOURISM_GRAMMAR_V1
FR|KTOURISM|KTOURISM_D03,FR,KTOURISM,KTOURISM_D03,,keyword,voyage île de Jeju,,fr,RULE_GRAMMAR,RULE_SELECTED,PENDING_EMPIRICAL,UNKNOWN,PENDING,NOT_YET_TESTED,PENDING_DOM_EXTRACTION,,RULE_GENERATED,,,,,,N/A,,GRAMMAR-LOCALIZED-1.0,NOT_REQUIRED,,PENDING_EMPIRICAL_VALIDATION,,,,,,https://trends.google.com/trends/explore?date=2018-01-01%202026-08-09&geo=FR&q=voyage%20%C3%AEle%20de%20Jeju&hl=en,의도어 문법 KTOURISM_D03(제주) x 프랑스 현지어(fr),,,제주,KTOURISM_GRAMMAR_V1
FR|KTOURISM|KTOURISM_P01,FR,KTOURISM,KTOURISM_P01,,keyword,voyage Japon,,fr,RULE_GRAMMAR,RULE_SELECTED,PENDING_EMPIRICAL,UNKNOWN,PENDING,NOT_YET_TESTED,PENDING_DOM_EXTRACTION,,RULE_GENERATED,,,,,,N/A,,GRAMMAR-LOCALIZED-1.0,NOT_REQUIRED,,PENDING_EMPIRICAL_VALIDATION,,,,,,https://trends.google.com/trends/explore?date=2018-01-01%202026-08-09&geo=FR&q=voyage%20Japon&hl=en,의도어 문법 KTOURISM_P01([위약] 일본 여행) x 프랑스 현지어(fr),,위약이지만 한일 노선은 대체재 관계라 음(-)의 상관 가능 — 계수 부호까지 함께 볼 것,[위약] 일본 여행,KTOURISM_GRAMMAR_V1
FR|KTOURISM|KTOURISM_P02,FR,KTOURISM,KTOURISM_P02,,keyword,voyage Thaïlande,,fr,RULE_GRAMMAR,RULE_SELECTED,PENDING_EMPIRICAL,UNKNOWN,PENDING,NOT_YET_TESTED,PENDING_DOM_EXTRACTION,,RULE_GENERATED,,,,,,N/A,,GRAMMAR-LOCALIZED-1.0,NOT_REQUIRED,,PENDING_EMPIRICAL_VALIDATION,,,,,,https://trends.google.com/trends/explore?date=2018-01-01%202026-08-09&geo=FR&q=voyage%20Tha%C3%AFlande&hl=en,의도어 문법 KTOURISM_P02([위약] 태국 여행) x 프랑스 현지어(fr),,,[위약] 태국 여행,KTOURISM_GRAMMAR_V1
DE|KTOURISM|KTOURISM_C02,DE,KTOURISM,KTOURISM_C02,,topic,/g/11h_5y_9w7,/g/11h_5y_9w7,und,RULE_GRAMMAR,RULE_SELECTED,INHERITED_VALIDATED_MID,UNKNOWN,INHERITED,NOT_YET_TESTED,NOT_TECHNICAL,,MID_PROPAGATED,,,,"IN,SA",,PASS,,GRAMMAR-LOCALIZED-1.0,NOT_REQUIRED,,PENDING_EMPIRICAL_VALIDATION,,,,,Südkorea Tourismus,https://trends.google.com/trends/explore?date=2018-01-01%202026-08-09&geo=DE&q=%2Fg%2F11h_5y_9w7&hl=en,의도어 문법 KTOURISM_C02(한국 관광 일반) x 독일 현지어(de),기존 사전에 같은 concept_id 가 영어 질의로 존재 — 병합 시 택일 필요,,한국 관광 일반,KTOURISM_GRAMMAR_V1
DE|KTOURISM|KTOURISM_S01,DE,KTOURISM,KTOURISM_S01,,keyword,Flug Südkorea,,de,RULE_GRAMMAR,RULE_SELECTED,PENDING_EMPIRICAL,UNKNOWN,PENDING,NOT_YET_TESTED,PENDING_DOM_EXTRACTION,,RULE_GENERATED,,,,,,N/A,,GRAMMAR-LOCALIZED-1.0,NOT_REQUIRED,,PENDING_EMPIRICAL_VALIDATION,,,,,,https://trends.google.com/trends/explore?date=2018-01-01%202026-08-09&geo=DE&q=Flug%20S%C3%BCdkorea&hl=en,의도어 문법 KTOURISM_S01(항공권 (이동)) x 독일 현지어(de),,,항공권 (이동),KTOURISM_GRAMMAR_V1
DE|KTOURISM|KTOURISM_S02,DE,KTOURISM,KTOURISM_S02,,keyword,Hotel Seoul,,de,RULE_GRAMMAR,RULE_SELECTED,PENDING_EMPIRICAL,UNKNOWN,PENDING,NOT_YET_TESTED,PENDING_DOM_EXTRACTION,,RULE_GENERATED,,,,,,N/A,,GRAMMAR-LOCALIZED-1.0,NOT_REQUIRED,,PENDING_EMPIRICAL_VALIDATION,,,,,,https://trends.google.com/trends/explore?date=2018-01-01%202026-08-09&geo=DE&q=Hotel%20Seoul&hl=en,의도어 문법 KTOURISM_S02(숙박) x 독일 현지어(de),,숙박은 서울로 고정 — 지방 체류 의도를 놓친다,숙박,KTOURISM_GRAMMAR_V1
DE|KTOURISM|KTOURISM_S03,DE,KTOURISM,KTOURISM_S03,,topic,/g/11t7fqrvlx,/g/11t7fqrvlx,und,RULE_GRAMMAR,RULE_SELECTED,INHERITED_VALIDATED_MID,UNKNOWN,INHERITED,NOT_YET_TESTED,NOT_TECHNICAL,,MID_PROPAGATED,,,,AR,,PASS,,GRAMMAR-LOCALIZED-1.0,NOT_REQUIRED,,PENDING_EMPIRICAL_VALIDATION,,,,,Südkorea Pauschalreise,https://trends.google.com/trends/explore?date=2018-01-01%202026-08-09&geo=DE&q=%2Fg%2F11t7fqrvlx&hl=en,의도어 문법 KTOURISM_S03(투어 패키지) x 독일 현지어(de),기존 사전에 같은 concept_id 가 영어 질의로 존재 — 병합 시 택일 필요,,투어 패키지,KTOURISM_GRAMMAR_V1
DE|KTOURISM|KTOURISM_S04,DE,KTOURISM,KTOURISM_S04,,keyword,Südkorea Visum,,de,RULE_GRAMMAR,RULE_SELECTED,PENDING_EMPIRICAL,UNKNOWN,PENDING,NOT_YET_TESTED,PENDING_DOM_EXTRACTION,,RULE_GENERATED,,,,,,N/A,,GRAMMAR-LOCALIZED-1.0,NOT_REQUIRED,,PENDING_EMPIRICAL_VALIDATION,,,,,,https://trends.google.com/trends/explore?date=2018-01-01%202026-08-09&geo=DE&q=S%C3%BCdkorea%20Visum&hl=en,의도어 문법 KTOURISM_S04(비자·입국) x 독일 현지어(de),,무비자 국가(US·GB·FR·DE·JP·AU 등)에서는 K-ETA 검색이 대부분이라 입국 의도 강도가 국가별로 비대칭,비자·입국,KTOURISM_GRAMMAR_V1
DE|KTOURISM|KTOURISM_D01,DE,KTOURISM,KTOURISM_D01,,keyword,Seoul Reise,,de,RULE_GRAMMAR,RULE_SELECTED,PENDING_EMPIRICAL,UNKNOWN,PENDING,NOT_YET_TESTED,PENDING_DOM_EXTRACTION,,RULE_GENERATED,,,,,,N/A,,GRAMMAR-LOCALIZED-1.0,NOT_REQUIRED,,PENDING_EMPIRICAL_VALIDATION,,,,,,https://trends.google.com/trends/explore?date=2018-01-01%202026-08-09&geo=DE&q=Seoul%20Reise&hl=en,의도어 문법 KTOURISM_D01(서울) x 독일 현지어(de),,,서울,KTOURISM_GRAMMAR_V1
DE|KTOURISM|KTOURISM_D02,DE,KTOURISM,KTOURISM_D02,,keyword,Busan Reise,,de,RULE_GRAMMAR,RULE_SELECTED,PENDING_EMPIRICAL,UNKNOWN,PENDING,NOT_YET_TESTED,PENDING_DOM_EXTRACTION,,RULE_GENERATED,,,,,,N/A,,GRAMMAR-LOCALIZED-1.0,NOT_REQUIRED,,PENDING_EMPIRICAL_VALIDATION,,,,,,https://trends.google.com/trends/explore?date=2018-01-01%202026-08-09&geo=DE&q=Busan%20Reise&hl=en,의도어 문법 KTOURISM_D02(부산) x 독일 현지어(de),,Busan 은 영화제·엑스포 유치 뉴스로 여행 무관 급등 가능,부산,KTOURISM_GRAMMAR_V1
DE|KTOURISM|KTOURISM_D03,DE,KTOURISM,KTOURISM_D03,,keyword,Jeju Reise,,de,RULE_GRAMMAR,RULE_SELECTED,PENDING_EMPIRICAL,UNKNOWN,PENDING,NOT_YET_TESTED,PENDING_DOM_EXTRACTION,,RULE_GENERATED,,,,,,N/A,,GRAMMAR-LOCALIZED-1.0,NOT_REQUIRED,,PENDING_EMPIRICAL_VALIDATION,,,,,,https://trends.google.com/trends/explore?date=2018-01-01%202026-08-09&geo=DE&q=Jeju%20Reise&hl=en,의도어 문법 KTOURISM_D03(제주) x 독일 현지어(de),,,제주,KTOURISM_GRAMMAR_V1
DE|KTOURISM|KTOURISM_P01,DE,KTOURISM,KTOURISM_P01,,keyword,Japan Reise,,de,RULE_GRAMMAR,RULE_SELECTED,PENDING_EMPIRICAL,UNKNOWN,PENDING,NOT_YET_TESTED,PENDING_DOM_EXTRACTION,,RULE_GENERATED,,,,,,N/A,,GRAMMAR-LOCALIZED-1.0,NOT_REQUIRED,,PENDING_EMPIRICAL_VALIDATION,,,,,,https://trends.google.com/trends/explore?date=2018-01-01%202026-08-09&geo=DE&q=Japan%20Reise&hl=en,의도어 문법 KTOURISM_P01([위약] 일본 여행) x 독일 현지어(de),,위약이지만 한일 노선은 대체재 관계라 음(-)의 상관 가능 — 계수 부호까지 함께 볼 것,[위약] 일본 여행,KTOURISM_GRAMMAR_V1
DE|KTOURISM|KTOURISM_P02,DE,KTOURISM,KTOURISM_P02,,keyword,Thailand Reise,,de,RULE_GRAMMAR,RULE_SELECTED,PENDING_EMPIRICAL,UNKNOWN,PENDING,NOT_YET_TESTED,PENDING_DOM_EXTRACTION,,RULE_GENERATED,,,,,,N/A,,GRAMMAR-LOCALIZED-1.0,NOT_REQUIRED,,PENDING_EMPIRICAL_VALIDATION,,,,,,https://trends.google.com/trends/explore?date=2018-01-01%202026-08-09&geo=DE&q=Thailand%20Reise&hl=en,의도어 문법 KTOURISM_P02([위약] 태국 여행) x 독일 현지어(de),,,[위약] 태국 여행,KTOURISM_GRAMMAR_V1
BR|KTOURISM|KTOURISM_C02,BR,KTOURISM,KTOURISM_C02,,topic,/g/11h_5y_9w7,/g/11h_5y_9w7,und,RULE_GRAMMAR,RULE_SELECTED,INHERITED_VALIDATED_MID,UNKNOWN,INHERITED,NOT_YET_TESTED,NOT_TECHNICAL,,MID_PROPAGATED,,,,"IN,SA",,PASS,,GRAMMAR-LOCALIZED-1.0,NOT_REQUIRED,,PENDING_EMPIRICAL_VALIDATION,,,,,turismo na Coreia do Sul,https://trends.google.com/trends/explore?date=2018-01-01%202026-08-09&geo=BR&q=%2Fg%2F11h_5y_9w7&hl=en,의도어 문법 KTOURISM_C02(한국 관광 일반) x 브라질 현지어(pt),기존 사전에 같은 concept_id 가 영어 질의로 존재 — 병합 시 택일 필요,,한국 관광 일반,KTOURISM_GRAMMAR_V1
BR|KTOURISM|KTOURISM_S01,BR,KTOURISM,KTOURISM_S01,,keyword,passagem aérea Coreia do Sul,,pt,RULE_GRAMMAR,RULE_SELECTED,PENDING_EMPIRICAL,UNKNOWN,PENDING,NOT_YET_TESTED,PENDING_DOM_EXTRACTION,,RULE_GENERATED,,,,,,N/A,,GRAMMAR-LOCALIZED-1.0,NOT_REQUIRED,,PENDING_EMPIRICAL_VALIDATION,,,,,,https://trends.google.com/trends/explore?date=2018-01-01%202026-08-09&geo=BR&q=passagem%20a%C3%A9rea%20Coreia%20do%20Sul&hl=en,의도어 문법 KTOURISM_S01(항공권 (이동)) x 브라질 현지어(pt),,,항공권 (이동),KTOURISM_GRAMMAR_V1
BR|KTOURISM|KTOURISM_S02,BR,KTOURISM,KTOURISM_S02,,keyword,hotéis em Seul,,pt,RULE_GRAMMAR,RULE_SELECTED,PENDING_EMPIRICAL,UNKNOWN,PENDING,NOT_YET_TESTED,PENDING_DOM_EXTRACTION,,RULE_GENERATED,,,,,,N/A,,GRAMMAR-LOCALIZED-1.0,NOT_REQUIRED,,PENDING_EMPIRICAL_VALIDATION,,,,,,https://trends.google.com/trends/explore?date=2018-01-01%202026-08-09&geo=BR&q=hot%C3%A9is%20em%20Seul&hl=en,의도어 문법 KTOURISM_S02(숙박) x 브라질 현지어(pt),,숙박은 서울로 고정 — 지방 체류 의도를 놓친다,숙박,KTOURISM_GRAMMAR_V1
BR|KTOURISM|KTOURISM_S03,BR,KTOURISM,KTOURISM_S03,,topic,/g/11t7fqrvlx,/g/11t7fqrvlx,und,RULE_GRAMMAR,RULE_SELECTED,INHERITED_VALIDATED_MID,UNKNOWN,INHERITED,NOT_YET_TESTED,NOT_TECHNICAL,,MID_PROPAGATED,,,,AR,,PASS,,GRAMMAR-LOCALIZED-1.0,NOT_REQUIRED,,PENDING_EMPIRICAL_VALIDATION,,,,,pacote de viagem Coreia do Sul,https://trends.google.com/trends/explore?date=2018-01-01%202026-08-09&geo=BR&q=%2Fg%2F11t7fqrvlx&hl=en,의도어 문법 KTOURISM_S03(투어 패키지) x 브라질 현지어(pt),기존 사전에 같은 concept_id 가 영어 질의로 존재 — 병합 시 택일 필요,,투어 패키지,KTOURISM_GRAMMAR_V1
BR|KTOURISM|KTOURISM_S04,BR,KTOURISM,KTOURISM_S04,,keyword,visto Coreia do Sul,,pt,RULE_GRAMMAR,RULE_SELECTED,PENDING_EMPIRICAL,UNKNOWN,PENDING,NOT_YET_TESTED,PENDING_DOM_EXTRACTION,,RULE_GENERATED,,,,,,N/A,,GRAMMAR-LOCALIZED-1.0,NOT_REQUIRED,,PENDING_EMPIRICAL_VALIDATION,,,,,,https://trends.google.com/trends/explore?date=2018-01-01%202026-08-09&geo=BR&q=visto%20Coreia%20do%20Sul&hl=en,의도어 문법 KTOURISM_S04(비자·입국) x 브라질 현지어(pt),,무비자 국가(US·GB·FR·DE·JP·AU 등)에서는 K-ETA 검색이 대부분이라 입국 의도 강도가 국가별로 비대칭,비자·입국,KTOURISM_GRAMMAR_V1
BR|KTOURISM|KTOURISM_D01,BR,KTOURISM,KTOURISM_D01,,keyword,viagem para Seul,,pt,RULE_GRAMMAR,RULE_SELECTED,PENDING_EMPIRICAL,UNKNOWN,PENDING,NOT_YET_TESTED,PENDING_DOM_EXTRACTION,,RULE_GENERATED,,,,,,N/A,,GRAMMAR-LOCALIZED-1.0,NOT_REQUIRED,,PENDING_EMPIRICAL_VALIDATION,,,,,,https://trends.google.com/trends/explore?date=2018-01-01%202026-08-09&geo=BR&q=viagem%20para%20Seul&hl=en,의도어 문법 KTOURISM_D01(서울) x 브라질 현지어(pt),,,서울,KTOURISM_GRAMMAR_V1
BR|KTOURISM|KTOURISM_D02,BR,KTOURISM,KTOURISM_D02,,keyword,viagem para Busan,,pt,RULE_GRAMMAR,RULE_SELECTED,PENDING_EMPIRICAL,UNKNOWN,PENDING,NOT_YET_TESTED,PENDING_DOM_EXTRACTION,,RULE_GENERATED,,,,,,N/A,,GRAMMAR-LOCALIZED-1.0,NOT_REQUIRED,,PENDING_EMPIRICAL_VALIDATION,,,,,,https://trends.google.com/trends/explore?date=2018-01-01%202026-08-09&geo=BR&q=viagem%20para%20Busan&hl=en,의도어 문법 KTOURISM_D02(부산) x 브라질 현지어(pt),,Busan 은 영화제·엑스포 유치 뉴스로 여행 무관 급등 가능,부산,KTOURISM_GRAMMAR_V1
BR|KTOURISM|KTOURISM_D03,BR,KTOURISM,KTOURISM_D03,,keyword,viagem para Jeju,,pt,RULE_GRAMMAR,RULE_SELECTED,PENDING_EMPIRICAL,UNKNOWN,PENDING,NOT_YET_TESTED,PENDING_DOM_EXTRACTION,,RULE_GENERATED,,,,,,N/A,,GRAMMAR-LOCALIZED-1.0,NOT_REQUIRED,,PENDING_EMPIRICAL_VALIDATION,,,,,,https://trends.google.com/trends/explore?date=2018-01-01%202026-08-09&geo=BR&q=viagem%20para%20Jeju&hl=en,의도어 문법 KTOURISM_D03(제주) x 브라질 현지어(pt),,,제주,KTOURISM_GRAMMAR_V1
BR|KTOURISM|KTOURISM_P01,BR,KTOURISM,KTOURISM_P01,,keyword,viagem para o Japão,,pt,RULE_GRAMMAR,RULE_SELECTED,PENDING_EMPIRICAL,UNKNOWN,PENDING,NOT_YET_TESTED,PENDING_DOM_EXTRACTION,,RULE_GENERATED,,,,,,N/A,,GRAMMAR-LOCALIZED-1.0,NOT_REQUIRED,,PENDING_EMPIRICAL_VALIDATION,,,,,,https://trends.google.com/trends/explore?date=2018-01-01%202026-08-09&geo=BR&q=viagem%20para%20o%20Jap%C3%A3o&hl=en,의도어 문법 KTOURISM_P01([위약] 일본 여행) x 브라질 현지어(pt),,위약이지만 한일 노선은 대체재 관계라 음(-)의 상관 가능 — 계수 부호까지 함께 볼 것,[위약] 일본 여행,KTOURISM_GRAMMAR_V1
BR|KTOURISM|KTOURISM_P02,BR,KTOURISM,KTOURISM_P02,,keyword,viagem para a Tailândia,,pt,RULE_GRAMMAR,RULE_SELECTED,PENDING_EMPIRICAL,UNKNOWN,PENDING,NOT_YET_TESTED,PENDING_DOM_EXTRACTION,,RULE_GENERATED,,,,,,N/A,,GRAMMAR-LOCALIZED-1.0,NOT_REQUIRED,,PENDING_EMPIRICAL_VALIDATION,,,,,,https://trends.google.com/trends/explore?date=2018-01-01%202026-08-09&geo=BR&q=viagem%20para%20a%20Tail%C3%A2ndia&hl=en,의도어 문법 KTOURISM_P02([위약] 태국 여행) x 브라질 현지어(pt),,,[위약] 태국 여행,KTOURISM_GRAMMAR_V1
MX|KTOURISM|KTOURISM_C02,MX,KTOURISM,KTOURISM_C02,,topic,/g/11h_5y_9w7,/g/11h_5y_9w7,und,RULE_GRAMMAR,RULE_SELECTED,INHERITED_VALIDATED_MID,UNKNOWN,INHERITED,NOT_YET_TESTED,NOT_TECHNICAL,,MID_PROPAGATED,,,,"IN,SA",,PASS,,GRAMMAR-LOCALIZED-1.0,NOT_REQUIRED,,PENDING_EMPIRICAL_VALIDATION,,,,,turismo en Corea del Sur,https://trends.google.com/trends/explore?date=2018-01-01%202026-08-09&geo=MX&q=%2Fg%2F11h_5y_9w7&hl=en,의도어 문법 KTOURISM_C02(한국 관광 일반) x 멕시코 현지어(es),기존 사전에 같은 concept_id 가 영어 질의로 존재 — 병합 시 택일 필요,,한국 관광 일반,KTOURISM_GRAMMAR_V1
MX|KTOURISM|KTOURISM_S01,MX,KTOURISM,KTOURISM_S01,,keyword,vuelos a Corea del Sur,,es,RULE_GRAMMAR,RULE_SELECTED,PENDING_EMPIRICAL,UNKNOWN,PENDING,NOT_YET_TESTED,PENDING_DOM_EXTRACTION,,RULE_GENERATED,,,,,,N/A,,GRAMMAR-LOCALIZED-1.0,NOT_REQUIRED,,PENDING_EMPIRICAL_VALIDATION,,,,,,https://trends.google.com/trends/explore?date=2018-01-01%202026-08-09&geo=MX&q=vuelos%20a%20Corea%20del%20Sur&hl=en,의도어 문법 KTOURISM_S01(항공권 (이동)) x 멕시코 현지어(es),,,항공권 (이동),KTOURISM_GRAMMAR_V1
MX|KTOURISM|KTOURISM_S02,MX,KTOURISM,KTOURISM_S02,,keyword,hoteles en Seúl,,es,RULE_GRAMMAR,RULE_SELECTED,PENDING_EMPIRICAL,UNKNOWN,PENDING,NOT_YET_TESTED,PENDING_DOM_EXTRACTION,,RULE_GENERATED,,,,,,N/A,,GRAMMAR-LOCALIZED-1.0,NOT_REQUIRED,,PENDING_EMPIRICAL_VALIDATION,,,,,,https://trends.google.com/trends/explore?date=2018-01-01%202026-08-09&geo=MX&q=hoteles%20en%20Se%C3%BAl&hl=en,의도어 문법 KTOURISM_S02(숙박) x 멕시코 현지어(es),,숙박은 서울로 고정 — 지방 체류 의도를 놓친다,숙박,KTOURISM_GRAMMAR_V1
MX|KTOURISM|KTOURISM_S03,MX,KTOURISM,KTOURISM_S03,,topic,/g/11t7fqrvlx,/g/11t7fqrvlx,und,RULE_GRAMMAR,RULE_SELECTED,INHERITED_VALIDATED_MID,UNKNOWN,INHERITED,NOT_YET_TESTED,NOT_TECHNICAL,,MID_PROPAGATED,,,,AR,,PASS,,GRAMMAR-LOCALIZED-1.0,NOT_REQUIRED,,PENDING_EMPIRICAL_VALIDATION,,,,,paquete turístico Corea del Sur,https://trends.google.com/trends/explore?date=2018-01-01%202026-08-09&geo=MX&q=%2Fg%2F11t7fqrvlx&hl=en,의도어 문법 KTOURISM_S03(투어 패키지) x 멕시코 현지어(es),기존 사전에 같은 concept_id 가 영어 질의로 존재 — 병합 시 택일 필요,,투어 패키지,KTOURISM_GRAMMAR_V1
MX|KTOURISM|KTOURISM_S04,MX,KTOURISM,KTOURISM_S04,,keyword,visa Corea del Sur,,es,RULE_GRAMMAR,RULE_SELECTED,PENDING_EMPIRICAL,UNKNOWN,PENDING,NOT_YET_TESTED,PENDING_DOM_EXTRACTION,,RULE_GENERATED,,,,,,N/A,,GRAMMAR-LOCALIZED-1.0,NOT_REQUIRED,,PENDING_EMPIRICAL_VALIDATION,,,,,,https://trends.google.com/trends/explore?date=2018-01-01%202026-08-09&geo=MX&q=visa%20Corea%20del%20Sur&hl=en,의도어 문법 KTOURISM_S04(비자·입국) x 멕시코 현지어(es),,무비자 국가(US·GB·FR·DE·JP·AU 등)에서는 K-ETA 검색이 대부분이라 입국 의도 강도가 국가별로 비대칭,비자·입국,KTOURISM_GRAMMAR_V1
MX|KTOURISM|KTOURISM_D01,MX,KTOURISM,KTOURISM_D01,,keyword,viaje a Seúl,,es,RULE_GRAMMAR,RULE_SELECTED,PENDING_EMPIRICAL,UNKNOWN,PENDING,NOT_YET_TESTED,PENDING_DOM_EXTRACTION,,RULE_GENERATED,,,,,,N/A,,GRAMMAR-LOCALIZED-1.0,NOT_REQUIRED,,PENDING_EMPIRICAL_VALIDATION,,,,,,https://trends.google.com/trends/explore?date=2018-01-01%202026-08-09&geo=MX&q=viaje%20a%20Se%C3%BAl&hl=en,의도어 문법 KTOURISM_D01(서울) x 멕시코 현지어(es),,,서울,KTOURISM_GRAMMAR_V1
MX|KTOURISM|KTOURISM_D02,MX,KTOURISM,KTOURISM_D02,,keyword,viaje a Busan,,es,RULE_GRAMMAR,RULE_SELECTED,PENDING_EMPIRICAL,UNKNOWN,PENDING,NOT_YET_TESTED,PENDING_DOM_EXTRACTION,,RULE_GENERATED,,,,,,N/A,,GRAMMAR-LOCALIZED-1.0,NOT_REQUIRED,,PENDING_EMPIRICAL_VALIDATION,,,,,,https://trends.google.com/trends/explore?date=2018-01-01%202026-08-09&geo=MX&q=viaje%20a%20Busan&hl=en,의도어 문법 KTOURISM_D02(부산) x 멕시코 현지어(es),,Busan 은 영화제·엑스포 유치 뉴스로 여행 무관 급등 가능,부산,KTOURISM_GRAMMAR_V1
MX|KTOURISM|KTOURISM_D03,MX,KTOURISM,KTOURISM_D03,,keyword,viaje a Jeju,,es,RULE_GRAMMAR,RULE_SELECTED,PENDING_EMPIRICAL,UNKNOWN,PENDING,NOT_YET_TESTED,PENDING_DOM_EXTRACTION,,RULE_GENERATED,,,,,,N/A,,GRAMMAR-LOCALIZED-1.0,NOT_REQUIRED,,PENDING_EMPIRICAL_VALIDATION,,,,,,https://trends.google.com/trends/explore?date=2018-01-01%202026-08-09&geo=MX&q=viaje%20a%20Jeju&hl=en,의도어 문법 KTOURISM_D03(제주) x 멕시코 현지어(es),,,제주,KTOURISM_GRAMMAR_V1
MX|KTOURISM|KTOURISM_P01,MX,KTOURISM,KTOURISM_P01,,keyword,viaje a Japón,,es,RULE_GRAMMAR,RULE_SELECTED,PENDING_EMPIRICAL,UNKNOWN,PENDING,NOT_YET_TESTED,PENDING_DOM_EXTRACTION,,RULE_GENERATED,,,,,,N/A,,GRAMMAR-LOCALIZED-1.0,NOT_REQUIRED,,PENDING_EMPIRICAL_VALIDATION,,,,,,https://trends.google.com/trends/explore?date=2018-01-01%202026-08-09&geo=MX&q=viaje%20a%20Jap%C3%B3n&hl=en,의도어 문법 KTOURISM_P01([위약] 일본 여행) x 멕시코 현지어(es),,위약이지만 한일 노선은 대체재 관계라 음(-)의 상관 가능 — 계수 부호까지 함께 볼 것,[위약] 일본 여행,KTOURISM_GRAMMAR_V1
MX|KTOURISM|KTOURISM_P02,MX,KTOURISM,KTOURISM_P02,,keyword,viaje a Tailandia,,es,RULE_GRAMMAR,RULE_SELECTED,PENDING_EMPIRICAL,UNKNOWN,PENDING,NOT_YET_TESTED,PENDING_DOM_EXTRACTION,,RULE_GENERATED,,,,,,N/A,,GRAMMAR-LOCALIZED-1.0,NOT_REQUIRED,,PENDING_EMPIRICAL_VALIDATION,,,,,,https://trends.google.com/trends/explore?date=2018-01-01%202026-08-09&geo=MX&q=viaje%20a%20Tailandia&hl=en,의도어 문법 KTOURISM_P02([위약] 태국 여행) x 멕시코 현지어(es),,,[위약] 태국 여행,KTOURISM_GRAMMAR_V1
AR|KTOURISM|KTOURISM_C02,AR,KTOURISM,KTOURISM_C02,,topic,/g/11h_5y_9w7,/g/11h_5y_9w7,und,RULE_GRAMMAR,RULE_SELECTED,INHERITED_VALIDATED_MID,UNKNOWN,INHERITED,NOT_YET_TESTED,NOT_TECHNICAL,,MID_PROPAGATED,,,,"IN,SA",,PASS,,GRAMMAR-LOCALIZED-1.0,NOT_REQUIRED,,PENDING_EMPIRICAL_VALIDATION,,,,,turismo en Corea del Sur,https://trends.google.com/trends/explore?date=2018-01-01%202026-08-09&geo=AR&q=%2Fg%2F11h_5y_9w7&hl=en,의도어 문법 KTOURISM_C02(한국 관광 일반) x 아르헨티나 현지어(es),기존 사전에 같은 concept_id 가 영어 질의로 존재 — 병합 시 택일 필요,,한국 관광 일반,KTOURISM_GRAMMAR_V1
AR|KTOURISM|KTOURISM_S01,AR,KTOURISM,KTOURISM_S01,,keyword,vuelos a Corea del Sur,,es,RULE_GRAMMAR,RULE_SELECTED,PENDING_EMPIRICAL,UNKNOWN,PENDING,NOT_YET_TESTED,PENDING_DOM_EXTRACTION,,RULE_GENERATED,,,,,,N/A,,GRAMMAR-LOCALIZED-1.0,NOT_REQUIRED,,PENDING_EMPIRICAL_VALIDATION,,,,,,https://trends.google.com/trends/explore?date=2018-01-01%202026-08-09&geo=AR&q=vuelos%20a%20Corea%20del%20Sur&hl=en,의도어 문법 KTOURISM_S01(항공권 (이동)) x 아르헨티나 현지어(es),,,항공권 (이동),KTOURISM_GRAMMAR_V1
AR|KTOURISM|KTOURISM_S02,AR,KTOURISM,KTOURISM_S02,,keyword,hoteles en Seúl,,es,RULE_GRAMMAR,RULE_SELECTED,PENDING_EMPIRICAL,UNKNOWN,PENDING,NOT_YET_TESTED,PENDING_DOM_EXTRACTION,,RULE_GENERATED,,,,,,N/A,,GRAMMAR-LOCALIZED-1.0,NOT_REQUIRED,,PENDING_EMPIRICAL_VALIDATION,,,,,,https://trends.google.com/trends/explore?date=2018-01-01%202026-08-09&geo=AR&q=hoteles%20en%20Se%C3%BAl&hl=en,의도어 문법 KTOURISM_S02(숙박) x 아르헨티나 현지어(es),,숙박은 서울로 고정 — 지방 체류 의도를 놓친다,숙박,KTOURISM_GRAMMAR_V1
AR|KTOURISM|KTOURISM_S03,AR,KTOURISM,KTOURISM_S03,,topic,/g/11t7fqrvlx,/g/11t7fqrvlx,und,RULE_GRAMMAR,RULE_SELECTED,INHERITED_VALIDATED_MID,UNKNOWN,INHERITED,NOT_YET_TESTED,NOT_TECHNICAL,,MID_PROPAGATED,,,,AR,,PASS,,GRAMMAR-LOCALIZED-1.0,NOT_REQUIRED,,PENDING_EMPIRICAL_VALIDATION,,,,,paquete turístico Corea del Sur,https://trends.google.com/trends/explore?date=2018-01-01%202026-08-09&geo=AR&q=%2Fg%2F11t7fqrvlx&hl=en,의도어 문법 KTOURISM_S03(투어 패키지) x 아르헨티나 현지어(es),기존 사전에 같은 concept_id 가 영어 질의로 존재 — 병합 시 택일 필요,,투어 패키지,KTOURISM_GRAMMAR_V1
AR|KTOURISM|KTOURISM_S04,AR,KTOURISM,KTOURISM_S04,,keyword,visa Corea del Sur,,es,RULE_GRAMMAR,RULE_SELECTED,PENDING_EMPIRICAL,UNKNOWN,PENDING,NOT_YET_TESTED,PENDING_DOM_EXTRACTION,,RULE_GENERATED,,,,,,N/A,,GRAMMAR-LOCALIZED-1.0,NOT_REQUIRED,,PENDING_EMPIRICAL_VALIDATION,,,,,,https://trends.google.com/trends/explore?date=2018-01-01%202026-08-09&geo=AR&q=visa%20Corea%20del%20Sur&hl=en,의도어 문법 KTOURISM_S04(비자·입국) x 아르헨티나 현지어(es),,무비자 국가(US·GB·FR·DE·JP·AU 등)에서는 K-ETA 검색이 대부분이라 입국 의도 강도가 국가별로 비대칭,비자·입국,KTOURISM_GRAMMAR_V1
AR|KTOURISM|KTOURISM_D01,AR,KTOURISM,KTOURISM_D01,,keyword,viaje a Seúl,,es,RULE_GRAMMAR,RULE_SELECTED,PENDING_EMPIRICAL,UNKNOWN,PENDING,NOT_YET_TESTED,PENDING_DOM_EXTRACTION,,RULE_GENERATED,,,,,,N/A,,GRAMMAR-LOCALIZED-1.0,NOT_REQUIRED,,PENDING_EMPIRICAL_VALIDATION,,,,,,https://trends.google.com/trends/explore?date=2018-01-01%202026-08-09&geo=AR&q=viaje%20a%20Se%C3%BAl&hl=en,의도어 문법 KTOURISM_D01(서울) x 아르헨티나 현지어(es),,,서울,KTOURISM_GRAMMAR_V1
AR|KTOURISM|KTOURISM_D02,AR,KTOURISM,KTOURISM_D02,,keyword,viaje a Busan,,es,RULE_GRAMMAR,RULE_SELECTED,PENDING_EMPIRICAL,UNKNOWN,PENDING,NOT_YET_TESTED,PENDING_DOM_EXTRACTION,,RULE_GENERATED,,,,,,N/A,,GRAMMAR-LOCALIZED-1.0,NOT_REQUIRED,,PENDING_EMPIRICAL_VALIDATION,,,,,,https://trends.google.com/trends/explore?date=2018-01-01%202026-08-09&geo=AR&q=viaje%20a%20Busan&hl=en,의도어 문법 KTOURISM_D02(부산) x 아르헨티나 현지어(es),,Busan 은 영화제·엑스포 유치 뉴스로 여행 무관 급등 가능,부산,KTOURISM_GRAMMAR_V1
AR|KTOURISM|KTOURISM_D03,AR,KTOURISM,KTOURISM_D03,,keyword,viaje a Jeju,,es,RULE_GRAMMAR,RULE_SELECTED,PENDING_EMPIRICAL,UNKNOWN,PENDING,NOT_YET_TESTED,PENDING_DOM_EXTRACTION,,RULE_GENERATED,,,,,,N/A,,GRAMMAR-LOCALIZED-1.0,NOT_REQUIRED,,PENDING_EMPIRICAL_VALIDATION,,,,,,https://trends.google.com/trends/explore?date=2018-01-01%202026-08-09&geo=AR&q=viaje%20a%20Jeju&hl=en,의도어 문법 KTOURISM_D03(제주) x 아르헨티나 현지어(es),,,제주,KTOURISM_GRAMMAR_V1
AR|KTOURISM|KTOURISM_P01,AR,KTOURISM,KTOURISM_P01,,keyword,viaje a Japón,,es,RULE_GRAMMAR,RULE_SELECTED,PENDING_EMPIRICAL,UNKNOWN,PENDING,NOT_YET_TESTED,PENDING_DOM_EXTRACTION,,RULE_GENERATED,,,,,,N/A,,GRAMMAR-LOCALIZED-1.0,NOT_REQUIRED,,PENDING_EMPIRICAL_VALIDATION,,,,,,https://trends.google.com/trends/explore?date=2018-01-01%202026-08-09&geo=AR&q=viaje%20a%20Jap%C3%B3n&hl=en,의도어 문법 KTOURISM_P01([위약] 일본 여행) x 아르헨티나 현지어(es),,위약이지만 한일 노선은 대체재 관계라 음(-)의 상관 가능 — 계수 부호까지 함께 볼 것,[위약] 일본 여행,KTOURISM_GRAMMAR_V1
AR|KTOURISM|KTOURISM_P02,AR,KTOURISM,KTOURISM_P02,,keyword,viaje a Tailandia,,es,RULE_GRAMMAR,RULE_SELECTED,PENDING_EMPIRICAL,UNKNOWN,PENDING,NOT_YET_TESTED,PENDING_DOM_EXTRACTION,,RULE_GENERATED,,,,,,N/A,,GRAMMAR-LOCALIZED-1.0,NOT_REQUIRED,,PENDING_EMPIRICAL_VALIDATION,,,,,,https://trends.google.com/trends/explore?date=2018-01-01%202026-08-09&geo=AR&q=viaje%20a%20Tailandia&hl=en,의도어 문법 KTOURISM_P02([위약] 태국 여행) x 아르헨티나 현지어(es),,,[위약] 태국 여행,KTOURISM_GRAMMAR_V1
TR|KTOURISM|KTOURISM_C02,TR,KTOURISM,KTOURISM_C02,,topic,/g/11h_5y_9w7,/g/11h_5y_9w7,und,RULE_GRAMMAR,RULE_SELECTED,INHERITED_VALIDATED_MID,UNKNOWN,INHERITED,NOT_YET_TESTED,NOT_TECHNICAL,,MID_PROPAGATED,,,,"IN,SA",,PASS,,GRAMMAR-LOCALIZED-1.0,NOT_REQUIRED,,PENDING_EMPIRICAL_VALIDATION,,,,,Güney Kore turizm,https://trends.google.com/trends/explore?date=2018-01-01%202026-08-09&geo=TR&q=%2Fg%2F11h_5y_9w7&hl=en,의도어 문법 KTOURISM_C02(한국 관광 일반) x 튀르키예 현지어(tr),기존 사전에 같은 concept_id 가 영어 질의로 존재 — 병합 시 택일 필요,,한국 관광 일반,KTOURISM_GRAMMAR_V1
TR|KTOURISM|KTOURISM_S01,TR,KTOURISM,KTOURISM_S01,,keyword,Güney Kore uçak bileti,,tr,RULE_GRAMMAR,RULE_SELECTED,PENDING_EMPIRICAL,UNKNOWN,PENDING,NOT_YET_TESTED,PENDING_DOM_EXTRACTION,,RULE_GENERATED,,,,,,N/A,,GRAMMAR-LOCALIZED-1.0,NOT_REQUIRED,,PENDING_EMPIRICAL_VALIDATION,,,,,,https://trends.google.com/trends/explore?date=2018-01-01%202026-08-09&geo=TR&q=G%C3%BCney%20Kore%20u%C3%A7ak%20bileti&hl=en,의도어 문법 KTOURISM_S01(항공권 (이동)) x 튀르키예 현지어(tr),,,항공권 (이동),KTOURISM_GRAMMAR_V1
TR|KTOURISM|KTOURISM_S02,TR,KTOURISM,KTOURISM_S02,,keyword,Seul otel,,tr,RULE_GRAMMAR,RULE_SELECTED,PENDING_EMPIRICAL,UNKNOWN,PENDING,NOT_YET_TESTED,PENDING_DOM_EXTRACTION,,RULE_GENERATED,,,,,,N/A,,GRAMMAR-LOCALIZED-1.0,NOT_REQUIRED,,PENDING_EMPIRICAL_VALIDATION,,,,,,https://trends.google.com/trends/explore?date=2018-01-01%202026-08-09&geo=TR&q=Seul%20otel&hl=en,의도어 문법 KTOURISM_S02(숙박) x 튀르키예 현지어(tr),,숙박은 서울로 고정 — 지방 체류 의도를 놓친다,숙박,KTOURISM_GRAMMAR_V1
TR|KTOURISM|KTOURISM_S03,TR,KTOURISM,KTOURISM_S03,,topic,/g/11t7fqrvlx,/g/11t7fqrvlx,und,RULE_GRAMMAR,RULE_SELECTED,INHERITED_VALIDATED_MID,UNKNOWN,INHERITED,NOT_YET_TESTED,NOT_TECHNICAL,,MID_PROPAGATED,,,,AR,,PASS,,GRAMMAR-LOCALIZED-1.0,NOT_REQUIRED,,PENDING_EMPIRICAL_VALIDATION,,,,,Güney Kore turu,https://trends.google.com/trends/explore?date=2018-01-01%202026-08-09&geo=TR&q=%2Fg%2F11t7fqrvlx&hl=en,의도어 문법 KTOURISM_S03(투어 패키지) x 튀르키예 현지어(tr),기존 사전에 같은 concept_id 가 영어 질의로 존재 — 병합 시 택일 필요,,투어 패키지,KTOURISM_GRAMMAR_V1
TR|KTOURISM|KTOURISM_S04,TR,KTOURISM,KTOURISM_S04,,keyword,Güney Kore vizesi,,tr,RULE_GRAMMAR,RULE_SELECTED,PENDING_EMPIRICAL,UNKNOWN,PENDING,NOT_YET_TESTED,PENDING_DOM_EXTRACTION,,RULE_GENERATED,,,,,,N/A,,GRAMMAR-LOCALIZED-1.0,NOT_REQUIRED,,PENDING_EMPIRICAL_VALIDATION,,,,,,https://trends.google.com/trends/explore?date=2018-01-01%202026-08-09&geo=TR&q=G%C3%BCney%20Kore%20vizesi&hl=en,의도어 문법 KTOURISM_S04(비자·입국) x 튀르키예 현지어(tr),,무비자 국가(US·GB·FR·DE·JP·AU 등)에서는 K-ETA 검색이 대부분이라 입국 의도 강도가 국가별로 비대칭,비자·입국,KTOURISM_GRAMMAR_V1
TR|KTOURISM|KTOURISM_D01,TR,KTOURISM,KTOURISM_D01,,keyword,Seul gezisi,,tr,RULE_GRAMMAR,RULE_SELECTED,PENDING_EMPIRICAL,UNKNOWN,PENDING,NOT_YET_TESTED,PENDING_DOM_EXTRACTION,,RULE_GENERATED,,,,,,N/A,,GRAMMAR-LOCALIZED-1.0,NOT_REQUIRED,,PENDING_EMPIRICAL_VALIDATION,,,,,,https://trends.google.com/trends/explore?date=2018-01-01%202026-08-09&geo=TR&q=Seul%20gezisi&hl=en,의도어 문법 KTOURISM_D01(서울) x 튀르키예 현지어(tr),,,서울,KTOURISM_GRAMMAR_V1
TR|KTOURISM|KTOURISM_D02,TR,KTOURISM,KTOURISM_D02,,keyword,Busan gezisi,,tr,RULE_GRAMMAR,RULE_SELECTED,PENDING_EMPIRICAL,UNKNOWN,PENDING,NOT_YET_TESTED,PENDING_DOM_EXTRACTION,,RULE_GENERATED,,,,,,N/A,,GRAMMAR-LOCALIZED-1.0,NOT_REQUIRED,,PENDING_EMPIRICAL_VALIDATION,,,,,,https://trends.google.com/trends/explore?date=2018-01-01%202026-08-09&geo=TR&q=Busan%20gezisi&hl=en,의도어 문법 KTOURISM_D02(부산) x 튀르키예 현지어(tr),,Busan 은 영화제·엑스포 유치 뉴스로 여행 무관 급등 가능,부산,KTOURISM_GRAMMAR_V1
TR|KTOURISM|KTOURISM_D03,TR,KTOURISM,KTOURISM_D03,,keyword,Jeju gezisi,,tr,RULE_GRAMMAR,RULE_SELECTED,PENDING_EMPIRICAL,UNKNOWN,PENDING,NOT_YET_TESTED,PENDING_DOM_EXTRACTION,,RULE_GENERATED,,,,,,N/A,,GRAMMAR-LOCALIZED-1.0,NOT_REQUIRED,,PENDING_EMPIRICAL_VALIDATION,,,,,,https://trends.google.com/trends/explore?date=2018-01-01%202026-08-09&geo=TR&q=Jeju%20gezisi&hl=en,의도어 문법 KTOURISM_D03(제주) x 튀르키예 현지어(tr),,,제주,KTOURISM_GRAMMAR_V1
TR|KTOURISM|KTOURISM_P01,TR,KTOURISM,KTOURISM_P01,,keyword,Japonya gezisi,,tr,RULE_GRAMMAR,RULE_SELECTED,PENDING_EMPIRICAL,UNKNOWN,PENDING,NOT_YET_TESTED,PENDING_DOM_EXTRACTION,,RULE_GENERATED,,,,,,N/A,,GRAMMAR-LOCALIZED-1.0,NOT_REQUIRED,,PENDING_EMPIRICAL_VALIDATION,,,,,,https://trends.google.com/trends/explore?date=2018-01-01%202026-08-09&geo=TR&q=Japonya%20gezisi&hl=en,의도어 문법 KTOURISM_P01([위약] 일본 여행) x 튀르키예 현지어(tr),,위약이지만 한일 노선은 대체재 관계라 음(-)의 상관 가능 — 계수 부호까지 함께 볼 것,[위약] 일본 여행,KTOURISM_GRAMMAR_V1
TR|KTOURISM|KTOURISM_P02,TR,KTOURISM,KTOURISM_P02,,keyword,Tayland gezisi,,tr,RULE_GRAMMAR,RULE_SELECTED,PENDING_EMPIRICAL,UNKNOWN,PENDING,NOT_YET_TESTED,PENDING_DOM_EXTRACTION,,RULE_GENERATED,,,,,,N/A,,GRAMMAR-LOCALIZED-1.0,NOT_REQUIRED,,PENDING_EMPIRICAL_VALIDATION,,,,,,https://trends.google.com/trends/explore?date=2018-01-01%202026-08-09&geo=TR&q=Tayland%20gezisi&hl=en,의도어 문법 KTOURISM_P02([위약] 태국 여행) x 튀르키예 현지어(tr),,,[위약] 태국 여행,KTOURISM_GRAMMAR_V1
AE|KTOURISM|KTOURISM_C02,AE,KTOURISM,KTOURISM_C02,,topic,/g/11h_5y_9w7,/g/11h_5y_9w7,und,RULE_GRAMMAR,RULE_SELECTED,INHERITED_VALIDATED_MID,UNKNOWN,INHERITED,NOT_YET_TESTED,NOT_TECHNICAL,,MID_PROPAGATED,,,,"IN,SA",,PASS,,GRAMMAR-LOCALIZED-1.0,NOT_REQUIRED,,PENDING_EMPIRICAL_VALIDATION,,,,,السياحة في كوريا الجنوبية,https://trends.google.com/trends/explore?date=2018-01-01%202026-08-09&geo=AE&q=%2Fg%2F11h_5y_9w7&hl=en,의도어 문법 KTOURISM_C02(한국 관광 일반) x 아랍에미리트 현지어(ar),기존 사전에 같은 concept_id 가 영어 질의로 존재 — 병합 시 택일 필요,,한국 관광 일반,KTOURISM_GRAMMAR_V1
AE|KTOURISM|KTOURISM_S01,AE,KTOURISM,KTOURISM_S01,,keyword,تذاكر طيران إلى كوريا الجنوبية,,ar,RULE_GRAMMAR,RULE_SELECTED,PENDING_EMPIRICAL,UNKNOWN,PENDING,NOT_YET_TESTED,PENDING_DOM_EXTRACTION,,RULE_GENERATED,,,,,,N/A,,GRAMMAR-LOCALIZED-1.0,NOT_REQUIRED,,PENDING_EMPIRICAL_VALIDATION,,,,,,https://trends.google.com/trends/explore?date=2018-01-01%202026-08-09&geo=AE&q=%D8%AA%D8%B0%D8%A7%D9%83%D8%B1%20%D8%B7%D9%8A%D8%B1%D8%A7%D9%86%20%D8%A5%D9%84%D9%89%20%D9%83%D9%88%D8%B1%D9%8A%D8%A7%20%D8%A7%D9%84%D8%AC%D9%86%D9%88%D8%A8%D9%8A%D8%A9&hl=en,의도어 문법 KTOURISM_S01(항공권 (이동)) x 아랍에미리트 현지어(ar),,,항공권 (이동),KTOURISM_GRAMMAR_V1
AE|KTOURISM|KTOURISM_S02,AE,KTOURISM,KTOURISM_S02,,keyword,فنادق سيول,,ar,RULE_GRAMMAR,RULE_SELECTED,PENDING_EMPIRICAL,UNKNOWN,PENDING,NOT_YET_TESTED,PENDING_DOM_EXTRACTION,,RULE_GENERATED,,,,,,N/A,,GRAMMAR-LOCALIZED-1.0,NOT_REQUIRED,,PENDING_EMPIRICAL_VALIDATION,,,,,,https://trends.google.com/trends/explore?date=2018-01-01%202026-08-09&geo=AE&q=%D9%81%D9%86%D8%A7%D8%AF%D9%82%20%D8%B3%D9%8A%D9%88%D9%84&hl=en,의도어 문법 KTOURISM_S02(숙박) x 아랍에미리트 현지어(ar),,숙박은 서울로 고정 — 지방 체류 의도를 놓친다,숙박,KTOURISM_GRAMMAR_V1
AE|KTOURISM|KTOURISM_S03,AE,KTOURISM,KTOURISM_S03,,topic,/g/11t7fqrvlx,/g/11t7fqrvlx,und,RULE_GRAMMAR,RULE_SELECTED,INHERITED_VALIDATED_MID,UNKNOWN,INHERITED,NOT_YET_TESTED,NOT_TECHNICAL,,MID_PROPAGATED,,,,AR,,PASS,,GRAMMAR-LOCALIZED-1.0,NOT_REQUIRED,,PENDING_EMPIRICAL_VALIDATION,,,,,رحلات كوريا الجنوبية,https://trends.google.com/trends/explore?date=2018-01-01%202026-08-09&geo=AE&q=%2Fg%2F11t7fqrvlx&hl=en,의도어 문법 KTOURISM_S03(투어 패키지) x 아랍에미리트 현지어(ar),기존 사전에 같은 concept_id 가 영어 질의로 존재 — 병합 시 택일 필요,,투어 패키지,KTOURISM_GRAMMAR_V1
AE|KTOURISM|KTOURISM_S04,AE,KTOURISM,KTOURISM_S04,,keyword,تأشيرة كوريا الجنوبية,,ar,RULE_GRAMMAR,RULE_SELECTED,PENDING_EMPIRICAL,UNKNOWN,PENDING,NOT_YET_TESTED,PENDING_DOM_EXTRACTION,,RULE_GENERATED,,,,,,N/A,,GRAMMAR-LOCALIZED-1.0,NOT_REQUIRED,,PENDING_EMPIRICAL_VALIDATION,,,,,,https://trends.google.com/trends/explore?date=2018-01-01%202026-08-09&geo=AE&q=%D8%AA%D8%A3%D8%B4%D9%8A%D8%B1%D8%A9%20%D9%83%D9%88%D8%B1%D9%8A%D8%A7%20%D8%A7%D9%84%D8%AC%D9%86%D9%88%D8%A8%D9%8A%D8%A9&hl=en,의도어 문법 KTOURISM_S04(비자·입국) x 아랍에미리트 현지어(ar),,무비자 국가(US·GB·FR·DE·JP·AU 등)에서는 K-ETA 검색이 대부분이라 입국 의도 강도가 국가별로 비대칭,비자·입국,KTOURISM_GRAMMAR_V1
AE|KTOURISM|KTOURISM_D01,AE,KTOURISM,KTOURISM_D01,,keyword,السفر إلى سيول,,ar,RULE_GRAMMAR,RULE_SELECTED,PENDING_EMPIRICAL,UNKNOWN,PENDING,NOT_YET_TESTED,PENDING_DOM_EXTRACTION,,RULE_GENERATED,,,,,,N/A,,GRAMMAR-LOCALIZED-1.0,NOT_REQUIRED,,PENDING_EMPIRICAL_VALIDATION,,,,,,https://trends.google.com/trends/explore?date=2018-01-01%202026-08-09&geo=AE&q=%D8%A7%D9%84%D8%B3%D9%81%D8%B1%20%D8%A5%D9%84%D9%89%20%D8%B3%D9%8A%D9%88%D9%84&hl=en,의도어 문법 KTOURISM_D01(서울) x 아랍에미리트 현지어(ar),,,서울,KTOURISM_GRAMMAR_V1
AE|KTOURISM|KTOURISM_D02,AE,KTOURISM,KTOURISM_D02,,keyword,السفر إلى بوسان,,ar,RULE_GRAMMAR,RULE_SELECTED,PENDING_EMPIRICAL,UNKNOWN,PENDING,NOT_YET_TESTED,PENDING_DOM_EXTRACTION,,RULE_GENERATED,,,,,,N/A,,GRAMMAR-LOCALIZED-1.0,NOT_REQUIRED,,PENDING_EMPIRICAL_VALIDATION,,,,,,https://trends.google.com/trends/explore?date=2018-01-01%202026-08-09&geo=AE&q=%D8%A7%D9%84%D8%B3%D9%81%D8%B1%20%D8%A5%D9%84%D9%89%20%D8%A8%D9%88%D8%B3%D8%A7%D9%86&hl=en,의도어 문법 KTOURISM_D02(부산) x 아랍에미리트 현지어(ar),,Busan 은 영화제·엑스포 유치 뉴스로 여행 무관 급등 가능,부산,KTOURISM_GRAMMAR_V1
AE|KTOURISM|KTOURISM_D03,AE,KTOURISM,KTOURISM_D03,,keyword,السفر إلى جيجو,,ar,RULE_GRAMMAR,RULE_SELECTED,PENDING_EMPIRICAL,UNKNOWN,PENDING,NOT_YET_TESTED,PENDING_DOM_EXTRACTION,,RULE_GENERATED,,,,,,N/A,,GRAMMAR-LOCALIZED-1.0,NOT_REQUIRED,,PENDING_EMPIRICAL_VALIDATION,,,,,,https://trends.google.com/trends/explore?date=2018-01-01%202026-08-09&geo=AE&q=%D8%A7%D9%84%D8%B3%D9%81%D8%B1%20%D8%A5%D9%84%D9%89%20%D8%AC%D9%8A%D8%AC%D9%88&hl=en,의도어 문법 KTOURISM_D03(제주) x 아랍에미리트 현지어(ar),,,제주,KTOURISM_GRAMMAR_V1
AE|KTOURISM|KTOURISM_P01,AE,KTOURISM,KTOURISM_P01,,keyword,السفر إلى اليابان,,ar,RULE_GRAMMAR,RULE_SELECTED,PENDING_EMPIRICAL,UNKNOWN,PENDING,NOT_YET_TESTED,PENDING_DOM_EXTRACTION,,RULE_GENERATED,,,,,,N/A,,GRAMMAR-LOCALIZED-1.0,NOT_REQUIRED,,PENDING_EMPIRICAL_VALIDATION,,,,,,https://trends.google.com/trends/explore?date=2018-01-01%202026-08-09&geo=AE&q=%D8%A7%D9%84%D8%B3%D9%81%D8%B1%20%D8%A5%D9%84%D9%89%20%D8%A7%D9%84%D9%8A%D8%A7%D8%A8%D8%A7%D9%86&hl=en,의도어 문법 KTOURISM_P01([위약] 일본 여행) x 아랍에미리트 현지어(ar),,위약이지만 한일 노선은 대체재 관계라 음(-)의 상관 가능 — 계수 부호까지 함께 볼 것,[위약] 일본 여행,KTOURISM_GRAMMAR_V1
AE|KTOURISM|KTOURISM_P02,AE,KTOURISM,KTOURISM_P02,,keyword,السفر إلى تايلاند,,ar,RULE_GRAMMAR,RULE_SELECTED,PENDING_EMPIRICAL,UNKNOWN,PENDING,NOT_YET_TESTED,PENDING_DOM_EXTRACTION,,RULE_GENERATED,,,,,,N/A,,GRAMMAR-LOCALIZED-1.0,NOT_REQUIRED,,PENDING_EMPIRICAL_VALIDATION,,,,,,https://trends.google.com/trends/explore?date=2018-01-01%202026-08-09&geo=AE&q=%D8%A7%D9%84%D8%B3%D9%81%D8%B1%20%D8%A5%D9%84%D9%89%20%D8%AA%D8%A7%D9%8A%D9%84%D8%A7%D9%86%D8%AF&hl=en,의도어 문법 KTOURISM_P02([위약] 태국 여행) x 아랍에미리트 현지어(ar),,,[위약] 태국 여행,KTOURISM_GRAMMAR_V1
SA|KTOURISM|KTOURISM_C02,SA,KTOURISM,KTOURISM_C02,,topic,/g/11h_5y_9w7,/g/11h_5y_9w7,und,RULE_GRAMMAR,RULE_SELECTED,INHERITED_VALIDATED_MID,UNKNOWN,INHERITED,NOT_YET_TESTED,NOT_TECHNICAL,,MID_PROPAGATED,,,,"IN,SA",,PASS,,GRAMMAR-LOCALIZED-1.0,NOT_REQUIRED,,PENDING_EMPIRICAL_VALIDATION,,,,,السياحة في كوريا الجنوبية,https://trends.google.com/trends/explore?date=2018-01-01%202026-08-09&geo=SA&q=%2Fg%2F11h_5y_9w7&hl=en,의도어 문법 KTOURISM_C02(한국 관광 일반) x 사우디아라비아 현지어(ar),기존 사전에 같은 concept_id 가 영어 질의로 존재 — 병합 시 택일 필요,,한국 관광 일반,KTOURISM_GRAMMAR_V1
SA|KTOURISM|KTOURISM_S01,SA,KTOURISM,KTOURISM_S01,,keyword,تذاكر طيران إلى كوريا الجنوبية,,ar,RULE_GRAMMAR,RULE_SELECTED,PENDING_EMPIRICAL,UNKNOWN,PENDING,NOT_YET_TESTED,PENDING_DOM_EXTRACTION,,RULE_GENERATED,,,,,,N/A,,GRAMMAR-LOCALIZED-1.0,NOT_REQUIRED,,PENDING_EMPIRICAL_VALIDATION,,,,,,https://trends.google.com/trends/explore?date=2018-01-01%202026-08-09&geo=SA&q=%D8%AA%D8%B0%D8%A7%D9%83%D8%B1%20%D8%B7%D9%8A%D8%B1%D8%A7%D9%86%20%D8%A5%D9%84%D9%89%20%D9%83%D9%88%D8%B1%D9%8A%D8%A7%20%D8%A7%D9%84%D8%AC%D9%86%D9%88%D8%A8%D9%8A%D8%A9&hl=en,의도어 문법 KTOURISM_S01(항공권 (이동)) x 사우디아라비아 현지어(ar),,,항공권 (이동),KTOURISM_GRAMMAR_V1
SA|KTOURISM|KTOURISM_S02,SA,KTOURISM,KTOURISM_S02,,keyword,فنادق سيول,,ar,RULE_GRAMMAR,RULE_SELECTED,PENDING_EMPIRICAL,UNKNOWN,PENDING,NOT_YET_TESTED,PENDING_DOM_EXTRACTION,,RULE_GENERATED,,,,,,N/A,,GRAMMAR-LOCALIZED-1.0,NOT_REQUIRED,,PENDING_EMPIRICAL_VALIDATION,,,,,,https://trends.google.com/trends/explore?date=2018-01-01%202026-08-09&geo=SA&q=%D9%81%D9%86%D8%A7%D8%AF%D9%82%20%D8%B3%D9%8A%D9%88%D9%84&hl=en,의도어 문법 KTOURISM_S02(숙박) x 사우디아라비아 현지어(ar),,숙박은 서울로 고정 — 지방 체류 의도를 놓친다,숙박,KTOURISM_GRAMMAR_V1
SA|KTOURISM|KTOURISM_S03,SA,KTOURISM,KTOURISM_S03,,topic,/g/11t7fqrvlx,/g/11t7fqrvlx,und,RULE_GRAMMAR,RULE_SELECTED,INHERITED_VALIDATED_MID,UNKNOWN,INHERITED,NOT_YET_TESTED,NOT_TECHNICAL,,MID_PROPAGATED,,,,AR,,PASS,,GRAMMAR-LOCALIZED-1.0,NOT_REQUIRED,,PENDING_EMPIRICAL_VALIDATION,,,,,رحلات كوريا الجنوبية,https://trends.google.com/trends/explore?date=2018-01-01%202026-08-09&geo=SA&q=%2Fg%2F11t7fqrvlx&hl=en,의도어 문법 KTOURISM_S03(투어 패키지) x 사우디아라비아 현지어(ar),기존 사전에 같은 concept_id 가 영어 질의로 존재 — 병합 시 택일 필요,,투어 패키지,KTOURISM_GRAMMAR_V1
SA|KTOURISM|KTOURISM_S04,SA,KTOURISM,KTOURISM_S04,,keyword,تأشيرة كوريا الجنوبية,,ar,RULE_GRAMMAR,RULE_SELECTED,PENDING_EMPIRICAL,UNKNOWN,PENDING,NOT_YET_TESTED,PENDING_DOM_EXTRACTION,,RULE_GENERATED,,,,,,N/A,,GRAMMAR-LOCALIZED-1.0,NOT_REQUIRED,,PENDING_EMPIRICAL_VALIDATION,,,,,,https://trends.google.com/trends/explore?date=2018-01-01%202026-08-09&geo=SA&q=%D8%AA%D8%A3%D8%B4%D9%8A%D8%B1%D8%A9%20%D9%83%D9%88%D8%B1%D9%8A%D8%A7%20%D8%A7%D9%84%D8%AC%D9%86%D9%88%D8%A8%D9%8A%D8%A9&hl=en,의도어 문법 KTOURISM_S04(비자·입국) x 사우디아라비아 현지어(ar),,무비자 국가(US·GB·FR·DE·JP·AU 등)에서는 K-ETA 검색이 대부분이라 입국 의도 강도가 국가별로 비대칭,비자·입국,KTOURISM_GRAMMAR_V1
SA|KTOURISM|KTOURISM_D01,SA,KTOURISM,KTOURISM_D01,,keyword,السفر إلى سيول,,ar,RULE_GRAMMAR,RULE_SELECTED,PENDING_EMPIRICAL,UNKNOWN,PENDING,NOT_YET_TESTED,PENDING_DOM_EXTRACTION,,RULE_GENERATED,,,,,,N/A,,GRAMMAR-LOCALIZED-1.0,NOT_REQUIRED,,PENDING_EMPIRICAL_VALIDATION,,,,,,https://trends.google.com/trends/explore?date=2018-01-01%202026-08-09&geo=SA&q=%D8%A7%D9%84%D8%B3%D9%81%D8%B1%20%D8%A5%D9%84%D9%89%20%D8%B3%D9%8A%D9%88%D9%84&hl=en,의도어 문법 KTOURISM_D01(서울) x 사우디아라비아 현지어(ar),,,서울,KTOURISM_GRAMMAR_V1
SA|KTOURISM|KTOURISM_D02,SA,KTOURISM,KTOURISM_D02,,keyword,السفر إلى بوسان,,ar,RULE_GRAMMAR,RULE_SELECTED,PENDING_EMPIRICAL,UNKNOWN,PENDING,NOT_YET_TESTED,PENDING_DOM_EXTRACTION,,RULE_GENERATED,,,,,,N/A,,GRAMMAR-LOCALIZED-1.0,NOT_REQUIRED,,PENDING_EMPIRICAL_VALIDATION,,,,,,https://trends.google.com/trends/explore?date=2018-01-01%202026-08-09&geo=SA&q=%D8%A7%D9%84%D8%B3%D9%81%D8%B1%20%D8%A5%D9%84%D9%89%20%D8%A8%D9%88%D8%B3%D8%A7%D9%86&hl=en,의도어 문법 KTOURISM_D02(부산) x 사우디아라비아 현지어(ar),,Busan 은 영화제·엑스포 유치 뉴스로 여행 무관 급등 가능,부산,KTOURISM_GRAMMAR_V1
SA|KTOURISM|KTOURISM_D03,SA,KTOURISM,KTOURISM_D03,,keyword,السفر إلى جيجو,,ar,RULE_GRAMMAR,RULE_SELECTED,PENDING_EMPIRICAL,UNKNOWN,PENDING,NOT_YET_TESTED,PENDING_DOM_EXTRACTION,,RULE_GENERATED,,,,,,N/A,,GRAMMAR-LOCALIZED-1.0,NOT_REQUIRED,,PENDING_EMPIRICAL_VALIDATION,,,,,,https://trends.google.com/trends/explore?date=2018-01-01%202026-08-09&geo=SA&q=%D8%A7%D9%84%D8%B3%D9%81%D8%B1%20%D8%A5%D9%84%D9%89%20%D8%AC%D9%8A%D8%AC%D9%88&hl=en,의도어 문법 KTOURISM_D03(제주) x 사우디아라비아 현지어(ar),,,제주,KTOURISM_GRAMMAR_V1
SA|KTOURISM|KTOURISM_P01,SA,KTOURISM,KTOURISM_P01,,keyword,السفر إلى اليابان,,ar,RULE_GRAMMAR,RULE_SELECTED,PENDING_EMPIRICAL,UNKNOWN,PENDING,NOT_YET_TESTED,PENDING_DOM_EXTRACTION,,RULE_GENERATED,,,,,,N/A,,GRAMMAR-LOCALIZED-1.0,NOT_REQUIRED,,PENDING_EMPIRICAL_VALIDATION,,,,,,https://trends.google.com/trends/explore?date=2018-01-01%202026-08-09&geo=SA&q=%D8%A7%D9%84%D8%B3%D9%81%D8%B1%20%D8%A5%D9%84%D9%89%20%D8%A7%D9%84%D9%8A%D8%A7%D8%A8%D8%A7%D9%86&hl=en,의도어 문법 KTOURISM_P01([위약] 일본 여행) x 사우디아라비아 현지어(ar),,위약이지만 한일 노선은 대체재 관계라 음(-)의 상관 가능 — 계수 부호까지 함께 볼 것,[위약] 일본 여행,KTOURISM_GRAMMAR_V1
SA|KTOURISM|KTOURISM_P02,SA,KTOURISM,KTOURISM_P02,,keyword,السفر إلى تايلاند,,ar,RULE_GRAMMAR,RULE_SELECTED,PENDING_EMPIRICAL,UNKNOWN,PENDING,NOT_YET_TESTED,PENDING_DOM_EXTRACTION,,RULE_GENERATED,,,,,,N/A,,GRAMMAR-LOCALIZED-1.0,NOT_REQUIRED,,PENDING_EMPIRICAL_VALIDATION,,,,,,https://trends.google.com/trends/explore?date=2018-01-01%202026-08-09&geo=SA&q=%D8%A7%D9%84%D8%B3%D9%81%D8%B1%20%D8%A5%D9%84%D9%89%20%D8%AA%D8%A7%D9%8A%D9%84%D8%A7%D9%86%D8%AF&hl=en,의도어 문법 KTOURISM_P02([위약] 태국 여행) x 사우디아라비아 현지어(ar),,,[위약] 태국 여행,KTOURISM_GRAMMAR_V1
